-- phpMyAdmin SQL Dump
-- version 4.8.3
-- https://www.phpmyadmin.net/
--
-- Host: 127.0.0.1
-- Generation Time: Sep 27, 2018 at 06:15 PM
-- Server version: 10.1.35-MariaDB
-- PHP Version: 7.2.9

SET SQL_MODE = "NO_AUTO_VALUE_ON_ZERO";
SET AUTOCOMMIT = 0;
START TRANSACTION;
SET time_zone = "+00:00";


/*!40101 SET @OLD_CHARACTER_SET_CLIENT=@@CHARACTER_SET_CLIENT */;
/*!40101 SET @OLD_CHARACTER_SET_RESULTS=@@CHARACTER_SET_RESULTS */;
/*!40101 SET @OLD_COLLATION_CONNECTION=@@COLLATION_CONNECTION */;
/*!40101 SET NAMES utf8mb4 */;

--
-- Database: `ticket`
--

-- --------------------------------------------------------

--
-- Table structure for table `airline_info`
--

CREATE TABLE `airline_info` (
  `Airline_id` varchar(20) NOT NULL,
  `Flight_id` varchar(20) NOT NULL,
  `Airline_Name` text
) ENGINE=InnoDB DEFAULT CHARSET=latin1;

--
-- Dumping data for table `airline_info`
--

INSERT INTO `airline_info` (`Airline_id`, `Flight_id`, `Airline_Name`) VALUES
('AL001', 'F003', 'Bangladesh Biman'),
('AL002', 'F008', 'United Airways'),
('AL003', 'F005', 'US Bangla Airlines'),
('AL004', 'F004', 'Emirates'),
('AL005', 'F005', 'Kuwait Airways'),
('AL006', 'F008', 'Qatar Airways'),
('AL007', 'F004', 'Singapore Airlines'),
('AL008', 'F005', 'Thai Airways'),
('AL009', 'F001', 'Air India'),
('AL010', 'F010', 'Jet Airways'),
('AL011', 'F010', 'Air China');

-- --------------------------------------------------------

--
-- Table structure for table `airplanes_info`
--

CREATE TABLE `airplanes_info` (
  `Airplane_id` varchar(50) NOT NULL,
  `Airline_id` varchar(50) NOT NULL,
  `Total_Seats` int(11) DEFAULT NULL
) ENGINE=InnoDB DEFAULT CHARSET=latin1;

--
-- Dumping data for table `airplanes_info`
--

INSERT INTO `airplanes_info` (`Airplane_id`, `Airline_id`, `Total_Seats`) VALUES
('P001', 'AL004', 100),
('P002', 'AL005', 80),
('P003', 'AL011', 120),
('P004', 'AL008', 200),
('P005', 'AL010', 150),
('P006', 'AL001', 220),
('P007', 'AL007', 200),
('P008', 'AL006', 140),
('P009', 'AL002', 120),
('P010', 'AL003', 180),
('P011', 'AL009', 170);

-- --------------------------------------------------------

--
-- Table structure for table `airport_info`
--

CREATE TABLE `airport_info` (
  `Airport_id` varchar(30) NOT NULL,
  `Flight_id` varchar(20) NOT NULL,
  `Airport_Name` text
) ENGINE=InnoDB DEFAULT CHARSET=latin1;

--
-- Dumping data for table `airport_info`
--

INSERT INTO `airport_info` (`Airport_id`, `Flight_id`, `Airport_Name`) VALUES
('AP001', 'F006', 'Los Angeles International Airport'),
('AP002', 'F002', 'Benazir Bhutto International Airport'),
('AP003', 'F001', 'Indira Gandhi International Airport'),
('AP004', 'F010', 'Kansai International Airport'),
('AP005', 'F009', 'Haneda Airport'),
('AP006', 'F003', 'Tribhuvan International Airport	'),
('AP007', 'F004', 'Sydney Airport'),
('AP008', 'F007', 'Melbourne Airport'),
('AP009', 'F011', 'Beijing Capital International Airport'),
('AP010', 'F006', 'Singapore Changi Airport'),
('AP011', 'F008', 'Suvarnabhumi Airport');

-- --------------------------------------------------------

--
-- Table structure for table `flight_info`
--

CREATE TABLE `flight_info` (
  `Flight_id` varchar(20) NOT NULL,
  `AirPlane_id` varchar(50) NOT NULL,
  `Dep_time` text,
  `Dep_Date` text,
  `Base_Price` text
) ENGINE=InnoDB DEFAULT CHARSET=latin1;

--
-- Dumping data for table `flight_info`
--

INSERT INTO `flight_info` (`Flight_id`, `AirPlane_id`, `Dep_time`, `Dep_Date`, `Base_Price`) VALUES
('F001', 'P003', '11:45', '2018-02-14', '30000'),
('F002', 'P002', '01:30', '2018-02-18', '44000'),
('F003', 'P006', '11:45', '2018-02-14', '35000'),
('F004', 'P007', '21:15', '2018-02-15', '85000'),
('F005', 'P001', '06:00', '2018-02-18', '90000'),
('F006', 'P010', '02:15', '2018-02-19', '55000'),
('F007', 'P008', '21:15', '2018-02-15', '90000'),
('F008', 'P009', '04:00', '2018-02-20', '63000'),
('F009', 'P011', '21:00', '2018-02-16', '44500'),
('F010', 'P005', '09:15', '2018-02-16', '44500'),
('F011', 'P004', '02:45', '2018-02-17', '80000');

-- --------------------------------------------------------

--
-- Table structure for table `passenger_info`
--

CREATE TABLE `passenger_info` (
  `Passenger_id` varchar(20) NOT NULL,
  `F_name` text NOT NULL,
  `L_Name` text NOT NULL,
  `Gender` text,
  `Passport_Id` text NOT NULL,
  `Marital_Status` text,
  `birth` text NOT NULL,
  `Address` text NOT NULL,
  `Phone` text NOT NULL,
  `Email` text,
  `date` text,
  `Image` longblob
) ENGINE=InnoDB DEFAULT CHARSET=latin1;

--
-- Dumping data for table `passenger_info`
--

INSERT INTO `passenger_info` (`Passenger_id`, `F_name`, `L_Name`, `Gender`, `Passport_Id`, `Marital_Status`, `birth`, `Address`, `Phone`, `Email`, `date`, `Image`) VALUES
('AAR01', 'Istiak', 'Ahmed', 'Male', 'PT-123456', 'Unmaried', '11 October 1996', '306/1,Khilgaon,Dhaka', '01517006230', 'imynemity@gmail.com', '     27 / 9 / 2018', 0xffd8ffe000104a46494600010100000100010000ffed006c50686f746f73686f7020332e30003842494d040400000000004f1c0228004a46424d443066303030373538303130303030333533333030303031363664303030303139376130303030636138343030303030623865303030306362663830303030353966613030303000ffdb0043000b08080a08070b0a090a0d0c0b0d111c12110f0f1122191a141c29242b2a282427272d3240372d303d302727384c393d43454849482b364f554e465440474845ffdb0043010c0d0d110f1121121221452e272e4545454545454545454545454545454545454545454545454545454545454545454545454545454545454545454545454545ffc20011080355050003012200021101031101ffc4001b00000203010101000000000000000000000001020304050607ffc4001a010101010101010100000000000000000000010203040506ffda000c03010002100310000000f78d3dc00180000000028d30698008c00000081a6a000c0000681803004c0000001a6000c000000000000001a6000d00c40c0000005000000000000000001a180002060000004a70bbbe724f3309d395c0094822490868138a30010282638ca282695352040002206458289a0006982062000000029bab0f5be4bd82fa302d00011000991a7d30340c000140000069834c1a600000000003006260000030062600000000340c0018000000000000034c000001a600000002800000000000034c4000c04c940000000000f31e9fc949c38ce1948000108c909340340086095a600446843232001004a0246215c6511898000982248430400eab2247d9f8ef6cbdb014004000232b474e6da06028000000034c1a600c00000000001a60d3000001800c000000000006000030000000000001a60000d0c4c0000000001400000000000200068158000000000001e3fd878f938f16640000086910218800152956484d13008c92a242089086884c150c48a9c44d8a9a00000013000084a02f71e27da2f71028308b6c88e06703a6069834c0000000069834c001800000000034c1a6000003000180000000000c000060000000000159614dc0d304c01826000280000000000000100000000ac000000000132178ef63e2a4e6a6a069886904d086950c48b191534a0d209821a04481340a4844911631465118d28c48d31624848924a98224c587bef9f7d057a40000a00109c0ce074c0d03001a600000000c01800d0300000001a60d30000006980030000000001898003130103100c033df8a5b3560de0d3b06818000000004a00000000000000000000340c10c42b0104d43f07ef3e791526402100162d889304009805568a0082609300182000434c220c511a8da013413001000a8710a6e80be89f3bfa6ada0280000109d452074c000340c0189800000c4c1a0600c000000000600c00001a060034c0000001898862600034c000008e7b33e6d9a72e9a9016302180000000028000000000000000000000000000010003f9cfd1be7715a6a0188800001002189805372560221a04d0c10c102944626441845c49260458218a89240112481d73a55fd47e65f4a5b10958022411aedaca40e9800000626310300000681b40c018000000000c4c626000003130681881898003400d300062602608ae0a452cb451655ad08c0068180002808600000000000000000000000100002064455f3bf7fe0241048c40021a000040034c010c40d0c498218080010c109a07068908513602684648608100ab904be9bf35fa5b400a00000ab2a22d3e98000001a0600c000000180313069800000000d306980980218313018000000000003002bb33c4e32ad5baa98b566b659dd55f57ba27658d08c056201a60086000000862448884888488b018252222d82600000064f05eefc143052490894400189c581163130000189808004d000119210d011638b4352421a1b4c1388da0134b483b36fd17c17bd9a042b122440219eca8981d30c0000001800c0000001a60d03698000000000030060000340c018000000000000d02cb7d51a818b36aceb9f3ea9e6e2d669334b446c576791738aa99106000310d91241124098000000000040000000000a0239de27d7f8ecc10249262251023201030004c6206e2c010c40d0000084493880d04651242620004c1340004596c1b69d6f6de3fd94d4490a860868ceb0b4d4d3e991a6000003130698000d00c01a21898300028001a0600c0002002989c0d300000a008010c8320ad620619f4e72b85d5e6d9753a681955424a2f0298818980034031032212224488848884888492600c892089208b64260bc1f09f4af8fccf4e5cf9cbd3b392abb4b8f547663c12bbeb808f452f2f23d31e6d9e8df91ea1d99f9e13d0c7802fa07c0b93aef8d6af54e309d77cb0e99cf67454711b5e11772cad34bcccbd54164aa0b4a6459180308afa3f63e33d9a80280045c4e44aab93501d32c0180000010c01898985000c4e189834c00a00002069d0d03043130688608911062060c430524002191ad6fcb3cb139d11975e9c3aecb08954ca4d2641ac90c43043044822d821822480086000000000000000000107cff00e818cf985d9f4c90868171c34642361699f374a98e469ae35af33a4c99b5e2ab61022456163a91a0ce1a952d6f9e591714d91a0cda0befd16cb9eadd519af5aa30cb4dd5ce9750b3990ecc0e4d5da0e653d7b93d27b3aacb5a49644425155196ea74a404fa64681b4c00800069834c0000286286d03006000000034c00189124218310c06030000000002bae1a25a6bd7129cf773a36195aedd18b4175b92eb2e13a00400500000001881898081888620644244424458c400310c112222485f9c79bfadfcb666bbb2a5dd67291b9f399be8a7292cb6a298d9411cd6664942bb282d8908ce012ae458226a4d482eaa937f5793aa5ef4f9b6e5beba82d942655391574a360048aa2ea17b9f2df4cb10dda8004c1427599b4e5d250d3e98001b44300000681b40c0002802180313188188188180000301800000031306912220dc41a68c5b71ed818543269a655539cb6db5df6525c8a34e4d24c894c4c0000001886116c10c84c00180000000000000d03110c12bf9d7d138b27cb99445e66acd2a90b6302a69388577d667e568c9642daefa0b02baefaca2c8695adda445cc239b750b674b97eae0d73715d7a646535a5ceee0add885284479ede927a8eea34005010c40ea9c0cbab16c2868e98604313189800000c4c6260086086e2c62600c4d8000000d0310488848883000189886e212220048aac90573614d37679616384ba3455658d0ab26dc7b2188a6206206206221881881881881891222c62062062600001086c892089217cef37da09e1e3ee84f030fa0e33e69c6ebe5cebae773d61f30f11ea7c8dcc2322abbead048b1455568cf54f4f9de933be6435d6571d11d4787b1cbc5ab44159ea83e967ce0fa3453e6566ec38dee8fb25bcf8f7eba09e4eaf5d52f93fa0e4f4800ad620040c8814ceb33ebc1ac881bc3130681b4c010c10da06000c10c0006263001a0644242600000000dc418980310c0698340c2249504b6acd32985b54b5df586cd19adb2694ea9b64a484a4941948640000c10c10c10c0000000000000000000000218818856206281e5f2730ccc8b640d59eb8af021e8249e72bf4f03cbdbe8c3ce2f4933c951ec83c6fa4dd197ce47d323ce57e9157239beaaacdf351f471b383f4ff00181f63c5c4c55e62ec7d1e7afa1edf35dedcbd48d489208a98b02408608608615c655946bc7a4a846f0c41243006263000001898c40c443114c1c218000dc424458d304c0000698340c0000010c41283a094ebbd73c36453850e9465c7a6164ba5ca356db9d26a213a000001a0620600000d03103000000000002010310310310322c62159109241f26c7eafe7b33d87cf99ba7e7ea3d43f2d13d74bc833d73f24cf5d2f1961ec1f8f52fb43c6587af3c8e83d2c3808eec78f61db5c999d2a684b6858423aa62d55f493db80a02a00500000010d08890805f92f4a5a37962091163104840c001800c4c01a069306989b04c0180c00000000062062062060c8b6098879b4678b6dadd4e0e98aebba89a95b936974e99d92ae5417599af2444244424e0c6206206206260000c12904490449045b64490219086086086086000a0060f8c7ddbe3f33c0afad59cdaba3598abd9494bb2e299db7192cd93303e8339d1ea89c75d882f2cdd55668d94c0551abe796e8b60ac2ebeabe6b57b1c3ecf1ae903e910c1290454c204c204c20ac81542da02dab4267037900068244424e0e242298384c01a0600c4c00a001881b891222e989829109850003443103100d3146c08b609481537655529552c6eaee4b675ce9e6d148efa664c8324442444244424442444242062062091109110911091109240dc5c310310300000014003c07bfca9f15eb4f232aae964cef9f9fa394cfa16ab9aaf9dd65565f6141ae4637b031bd6e3055d382f233f72b3cee5ed61314ef6533bac33f5ebdb8d74be99e4bd66801400a000000000875ce90cf2cc5da79fae2233a60000642603001a06e2c62062090819092b01006260310371091109081a6c8b6000000340c4c62064424440cd6d4aeb2d8a3566b49db0b6930414854c00000060086000000000000000000004000c40c40c00001a0681589808307ccbeb9ca63e67a29b737364e9e46b36a86ad615b29d8ad94ec4e5320ec715ca53cea98ea94d63af7d31c2e6f7f97a99168457a0ee4d5da25dde5d3575613edcc0140000000040020ae7025936620d54e932907bc48443130000600c0060d0304368224858a99115308b686e289bcb7160954e2a32dce259222d188188180000000003033ca16cb9ec83553ab5246ecf78c0b0001a158818980031031031300000000000020000000000000000685620626000099c0f13f47f09ae7ccc7af262dba95db8ec8db7259198480738b96538d98a4e339b946f7cf7c7e3facf2bace42eeb6a4bababd2f3de4e8074c80500000a021a000431046ab6b218b6e00e9733a315b89bc48884840dc58003103062600c0600000d30006206844643142c664ab673e5dd1b9cb9ed9c0aaee76b3601ac800000000001121596cb5599b4cb4db09d92ba9b462740000000000003103130000081a0622989c000000000000000000000028040000060f0dedfc3ef9e685f1b23293b97384c926e24c9292272b9c6dc573539b9c9be7ad3cfea9cfae2d9396f3d2b213ebcc028014048c4280868000000adc6618776034dd55d1880de1804900c40dc424206e21222c62a8b8c113a26479d6a9650d4ea2cb40b18806980055cedfce9aeb4e12b96015d8318818980000000155b542954d69b443d39a643565d2313b18856206201a700000000000003103103103000006818818818818000400280000001caf17ebfc96f95435ac812452539494663946c1d95d934ec8cf15dd0b26edb2abb1ad6a6b97524a5bc74648eb8622800010d0280000000271209c4796ecc6bb33d91403de01800c018000d10c45368830edc35cd9e5bf53a37f37570eb3c4e565b2ce476a717d72c423680173cd38650cebad2e71acf44c8a5da66bc988b1898c40c0000335f9d695a6b82640ae7289a2da6e068a620620600340c40c4c0000200000000001a01881881898003103103135040c0002000e2794f4fe6ba72aa328eb9928ca090d5324aecaec876426d4eca6dc5b2c85b9d5b6d76e776ceb58e97ca36dcef03a6002810000000028000804e029c64431edc51ae4d9880de1b8912103716488b08e5e6d770e18770e1463bdcbc88ba598355d8de77768c16173cd6e5dc972f66f3a08cb506910e3f53848eb212e8d1875274e59f4f2ecb5537f4cb68d61898340c40c82235558a5ee64cb84ee2c7235db55f5469c7ab2901a800a00000000c43103103021881881800260000000000000000d0310310ac4e0001a0f3be7bb9c3ebc6a02e1493183949c64aec84e09c09abecaeccdb2ea6dceadd14598ddec78e964e9d1ac6c03a6402800000000428000010956165501e4b73474e7448ccb14758db2f2c667a6cfe7f11edecf31dcb761176f2b99bb9fbc28a4322966268dab25983c6cd19ec0957763545b05a9bf7f9fd56775f13455dc8d39d2a722cd12d0f3a9eac8f1bd5a7912d67acf973d67a2659ae8219ecd193ce72e2ac3c955d0a7222da63034f67cece5f6bd2f041f46edfc5bbc9f549793ef9b44e800000000080000000000188620626000c40c4c000000000000002001400003cd70bb7c4ebc2b4d5c9240da9ca324ae4989966753b6bb33676c653575b55b8ddb64678e92ba9bb58d6074c800080000051300400015d95055748c34eaa62e95acf0d0e35dcf14c74cf4851bf976f4bd278deb673ed5e0bba6b978b566de73ac34e1b65c6b796faf672349d1b73dddb37b27375d918a17536634eb99a90ba95659040edaae51c625a45c3a8295b5d8570ba0c9a6985bb7c674fc7a46cc55ea379a3174b285f1a0ad33c8ce85dc89cbda9f32f9777478d79f58e8fc97db9e904230acb0cb69681401000000000000000000000340c4c010c0188188860958000000795e375b95d78569ab91c2636896c945ad8d4890ac9a72258b6db55b352bebbb1bba49e372be9bf58d007480002068004d4010014008c6512c8ca114e7b11b04cf93bb28e78bf460966dd555637b76f3ab99ef747c7742dee72f5f1f4e7c29a7a73b1d528b7667d38bbf753997b1572a98f40b97aadd375d4b418aa937c2075962a31e5bafe4d9cef6279e7b5a4ecdcc6af9d63b66a58c64594e1ea79821c328b3141d5638308b1894a24e12656dc6aebb25a6bd186ecddfd4e2ce6bed3a7c1fb9b9846bb0b2520620600000000000000000000000100000000000342b04310313002bc7f37a1ceebe780d20d80129672413092ca709cd49a78b6df55b9d5b7536e777ca13cea77d1a2e6f41d20000009c5494640000015cb3974299c5d5d1416a8337bce1f2fa6db79b21752c573a169a956894e9947469c9645302be92522a35ece7743374e2ddcdcdbeccf7a2e960d38bec2587a97b793e57438fbe1d8d7c39c59cf27726f8e6c5eb4b2e8c6bd047266f434cbcee8c67d0c79f36f519ad57e2fd7785eb305718eb2a0f7cb8efeee8c76f3b0f4cf3d3c947d6d71e5cf4d49e76befe4df3e4cb453be6e74bb9dd994a36fd77e33ef97dc5f8ae8d4465604605c0000000340c40c00000000000000000020014000000000068af0f92ea7af9e2310621c94a573848989ad93839ab65031745b45f356db5d98ddb64279d4b4e786b3d05c53a67b86579d6920ec214608ec4f35b356281a95d79f25cf496069bafc5a73b79e5cb8d96bb6692d32d67e436f4737295c1db87321d1e7f6955918ea5f6536e6acdb316a5b5c0b355138cba34e1e866ede57a2e5cb8ad8e8a5a29bb0f49562a79f4c7976d3be76432d9a4a8d9cede3b38b9f7e3566ae5ed4ef67dbaf5af217c2b63a5b3ce74fcedfb79b3e5be5790eff9af7c95738ee6cf518bafcbd23998ec4d5b8e89687cfa6795d2ceb253d29cd79be6fb7a2cf9df3be81e43d5e1c37e4b3bf936f6389ab3afa2f73c17b093bd2e3aaeac7936a764e7dd5a8848600340c40c4c04c0018818818980100000000a0000000119575e12bb2aebe65245313824896c942c09225b2709ac986357dd4db3574e13c6ef9c279d599efcfbce6792bedcfacb92476172a71ae4a58df43262a7377ae69bc6f581d9b96189d139c2ee82e8675b2d865e1db74f99b6cf0faf8d333e79d59e71e57671ee535f471ea3d566d97273adcfb112cb29d745a68b73e8e76fc37c6c279ec272cb0aeb479f7e75b2592fe6ad5b46b3673accdda58e89d5bd2e67531af45b0ab3bf33c2e972baf19edc53cba3b39dd5e3ae7f8cf57e53b8bf274757d36ccd770f5b719e3a5ba2bd19e8c9ac6c9a72cefaa717c653c5c5e6bd7e1af95c7afc7fa3f2acd55cf59f45dbe56fcaf8c21736d51e7ccf674f363c5ed7a9e57b9df5b8cf78c89526818818218886e2c1a01a0620620626a340d00c40c40e8bb2d9e2e9b69ede76d10d80012d965760e4859ce129ab0947174595db356ce32c6af9c279d4f26bc5d33cf954faf3914e92cd365bcba578f763e7bcda8ea4d79fafb7caebcab63de2b8c2e2adeba78dabe70e1db05f2d072fa7186b3e0304b35c49d417d9934656d1ab4e6fa15cbcfbd7033dd4f5e4fbdc0f6329ceede3c6f8d774b9d5971d99b78ee7725673be2a5ab06f1769c6a6b648af9dbb22af50a12eb8b0baa9a3adcae865d8c9c8c786c79aceb993b89ad8ee962f03cef6f89d7357a1e07af6f5ecc7c9e5e8f4b6792b65f5d779cedf2edb08cb1d46a72c9ced96a94a3cf52a2dc8be53c97adf21eff9faecc1d0ebe6eef4b99d0e59b6559d24735d05a5e8ae3add9f3db737b7b7ccf536dd0cba2b765a3949d8979823d9cfce5b5e91f07a12ee78b2d758a2d24a9e326dbbc36993da3f1fa9aefeff0019dd3a8fcbdc7a4306aab48c86207837736cf275595f6f3a6889a4126a70ecaec5728cd5b4e6ae418ba2caae9aba51b31bb6709e6d983773fa6705b4ece9cd6e5772eb21e2e7d1f2e5575e78fd071a98f6382fbb974e1d3bf97e8e376e8f4334bdae1d8c5764ae5f5f2f2ae7d7c236e35f2c84e5ace6cbd7c355eac3ad37dae7cba69e6f4e8e938d9fd065d638bd2ba2cdf56aa66ace074f95d71194e7674e71317471ba986c972fb5cb974caab339c9755a67d6c6ef3afcc7ba8f419be76f94666acfd0aa75e45fd4e7f4e1dbed798f79cfaf0b1ddd35f9f703d6791ebce5ed3c8fae9be31b28e7df1e6ea52ce3ebf36c9af61abce743cfebead3cae46b3ea34fcf8e9c3e9d77ce7adcbafafc3755c3d3e37ce77381eff9b399a3af9fb9d2e7f4b94aa717312aadcbbe974b1683599d65d9e8f1ee9abf1cf26f13cbd28e1ccadc3a4db3c97976ee569ceb7737a156a53b7939e67b58f9f719ee518bcc73b7a3773ad59599672f536f1675ebb4f8dbb53d72f2938f5183911de7255657db880e071911b22e276576353945c4c8ce6a728acdd1a33df9dd96d56e757b84f36ce6f47374ce7db39e7508d99b36be64b3f5e7a2b9d769095dac55e93c777bcfdba18b4dcaad6b9e8e5cb97d79f6612a66eee2f6305c47d078cf499d7cde8df89a4c570ada35962c928dfaf8ef3beddbc3963a7773f327676e9c386e7abcea0e9cb74728cf4b5707a3d2d753a79cd34380e36e85e359d979f7716de8ae9f3f3f5726be77cebd95f6f313af43b743663e8993d2f99f57cbbf8bf5bc4f47cfaf96f9d7d5be73d0fb356db38197b985ae2e9e85b73c6bfa10cef5f565d7f37afc863e979fe98d7d4f3abaf9bda69f3be93cdeca3ab5598df81e47470fd0f98b7e0e8de5ea2be8d3c33ceb734b78df9e716f3b94ba58d84f2d4e31c5cb9155d7977a7c5dbc35b6745ddae9aadb3539b38d3874e19b272bd4e3edcf186c8c7d19b2da74e2e8b5596e7c9aeacb24e546a742fe475314864cda9d3d1c9ddcf5b610977e6e128f7e4801ca3209c5c4acaec573858a5b5ca6a49bc6afd145d9d596d3a33a9ce13ca528dcd20cb9d1c98d5db94e128f4c5d5d94e373b69d5ac53bdf4397456a7c7b1cde873359e6cab9fa7cfd6aaccbc3d1b30e8c3ac69e5f7b29e5f9dd3cbe6f5f2935dbc6ee86830dad5cb56c6524e32c3565d8d46b53669737a407248576854e695d56c01a65b7e5adadd5542ea9e772db2c13637cf9723aef93ad7a1d9f2da26acd79ac9ab7cb77bcfcebbb7e2e8e8a1b5f3edca8f533af3abbb66a75a7a179bd1e6f8becf9facf989ed8f6e37c7afbf8f6cb6e9e7e2fcf28d10fa5f263d8e576d9ebcb12e3216d37eb1a6a9dfd35cf96cab3a56593caad1c7eef498b9fe8bc949b4a3524b4e6d6dc7adc4d575667d1ce66d866873ce9d9cfe8e671e3a73f65dd1a3a6b566d386cab4e6971ab2dd4f58fa59efcda399a726f3b7a5cbbb9efad3c3b7a6209c3bf1528ce14a3218296cb29b16765732728ca69ce33e76dbe8b9b9dd5598b74a139676d74cd9c059378b679edde26eb94b7c657ac7a8ba18aa6e3c7aacf579ddcf58b1eccde4e3eef13af2d78289c6a9e2b2ceddf55f9df86cda23e5f67273e9c5e9f0e8b33dce6e4884a6504248e75ca59c49246ca9da4a312caad022e56d6ad83510933156c66a99b85b7ce16cde59a572e5094b1d35e833466925667937760dc3ac75e29e3a74ece69cfb6cc99569b3a9cee95c75a36cb87a302b39d2df6474ea4af9cf333f03bde5ace06cf55c9d5e569d793d3f3675db75e5ced3a4b97b30d8dce9739a8f431ebd639f7b8e8b8fdf82702ee95497f5399667a5d4c655e83cdf571635c7c5d0cbbe5676397eab2c7c2f6dc1ddbb569bb1be0f9af65e3b7ce56d56484ba57e9c5eb949563bf74527a9e972f578e7ec7cdf5f3f3633877f2a9c2627090d4672d9384d6765760ecae73539d5673b6dd55cd4edaecc6ed9c270bcf773cc50e51de62dcd2ab23d2b67d17b79f4269f1d990f3fb8b20bb71b3d478eeb73df7f3def9f4f2f3eaf2b78a2ea6ee98ef5998c6fc8e78c7874c30d55f4f3d36c842139a41a8164a365564a116c1c2c9ce044a99cab3db644938059284885765165e4096e95328b6b8d6ae72aea52883be1088c995009351e87362ed655657cfd2eca2c9bd78b74379e4740ae6bd0511edf9bd3cde7fa9c16e1e979eeadcf6ace7d9cacbcbfa0e5e9a71eae7e90aebb7d7f182da49902cb141a0a6aa33adada678aed9e18af4eacf5b5ba885366832c58ea5fc879d75a192f9bbedcf32d45b9b19158f2df6ea72df546689ceaeb9863964dcd13cdd6e57b7bfcfd9c7d3dff37a70f4e5994a1ecf0832213848725296538c8b2709a96573cea5657763565d55cd4adaacc6ad9c2719b81dfe3524eb49b8e7d2feef9bf51cfae875d58d6aaabc294603277e5d04a1999afc9b757bbbbcc76f974bf9fae079fb3a987a72e9ea8bc74f090e94f9639ab7927321d08d628f5e31c896b5591ec4ce4af7d3b99656bb2a56a29b890a4d654c6e754c742a84a524cc4e4545a9636d33494e329555a68a931909c42545c8ac75ab2bab9fbed88aef4ae4dfb7437f96b71d3d7753c275f8f5f57464b79de268c9bb4d97516f1dc9d976f3cde1d95fafe4d1351ebe7d65754b7a534aa36d557bae71190daac9a4aabd545ba2abe39b40b45995dd42dd46aa155d0b09d4ab5d1ab9bae6b7e4cb18255bd6345510baec5646b32c6ddba7996e75bd648cd746bcda3b72ae2cf4f980213243612cacaed1ce13562b33a774658b6dd5593739c279b6d909cb8a8dd4cdaa764a5c71df2c5e7dbbe337973f479713aab2c867de6b39eadca4e759d17a736ed6a59a8917f376435346779a5e1469ae4d3673cb9e83e735ede8f3d64be833f22075f579fd076e1c967474f9ee917d36c451d4a312d55d61bf7b679875e31c88f6ad4f34fd561b38a767a127955daa8e5aea5533921742ca9da8a0d9132bd4ab1477d75cbc5d5e5bd96ede7db3aece7e956e9b791a1e9e9db5f43976e72ef63e7cb8ddbe274b377ca8af3324b23f5fcaa641d7cc35611af4d4536c2db24a2e13aad2c4dcb5ab2349c6c01a213aec820a5506e934d99754b516d656ed08c2532ab492e7270a8cd4e65a62c27289176576cba3cde8f5cd44a3df98270a7194306b64e12272892db2aad9a9b8cf16eba9b66e56d5667574e32854df467a394279a0d12bf392e9f3bdce372e9caaf4474cf1d12b332d6eb1ce6254ec994c9a52708137072f26243a79abb68bae6531a129532dd2a0a92534628c3b2a2b43254afa2b8beaa631a6cc725ea5bc84bd6d1c2d4d74f1d1433bace75a68bb9b38f51cdc109ab5e4359ed479835a69cd9a5eecf9564bd27c7a921c8e9f2af677e5be6ad86db66f936756e972f4e33e3eab726b8618a5333abe9d1bbb78f81577aef47cff0038fd165385675cb8e2cfa4ace543a996a9af5899d6808d94b89442c93ad96c46a9349153ad6d839c94ab8a566792db11438853ad48b21284486ea445496c54d624641bf9fbbbe541aed96350e51942b212576d37120259d95d9352b2bb316db6bb26e5657667574e1382bcf3e7d6636026ac40556872799ea736b3e5add98dce72a8d432ebcb669af3e428cf0ab6d2b38ba5e54772ad4b9326e9d9a8285e90c7bc5e557b70e6ca75b2eb324e355f0d5bce6d30552cbd5a8c593ab28e551d9b8e13ebd719277d4d555d9922d946486bcbb050b51241a91b23773e8d5b773eb929f476e2797dfd8f2599839fbb377f4617667b9d9772a475b779c9c7b39f96ddc3d5d7ab02e5d374f2f465d5dac9e9f1e6f016fa5f25eaf26fcb92bf463a9bfcfecb3af0e5d4756de05ebd0bb8179da3896c6d39904e9d635a6ad1533095ba8e4d7d3bce1d5e8741e4ecf415a70976a29c83ae939567459c88f573b392bdd4595175751993582beacc8b234e6a715eea2ef46620fb65a6a24e139468276d7604a329676d764d4a755b9b74e2f3bb2caedcea76d56c70334f9bc9e876f97e8ce9db33dd753146a6206d288f2faaebc8d5ea78bace2cf742f3e7e5ea2dce3d7dbcb67395cb4858689aedba25897aa125d3a2c5ae9df14e664ed642864e2a9dc4bae7186f3aaab74572acd356575d19ead1638493bf3db51c5ab34b9ebb6d8a345d2acd6d782ce8cbcfd167a7a7cad15eacf1f297e87dec977c9f44ea9e5f36edf97fd2fe43efcfa7a99dbd1592663c7d7aece45bd0df9d736ff45a387a7cdf47a2b1a7aa9bb17b9dccda3cbe2e4f377eacbc643dff0003eaf97cfeaf35d7f770ec53cee757a1c5e6fda473f5d531ebcf6853bab3990d99a20e17442cbddb85ec919344a3196ad544b19dd626635a5c765d6ae556e78d75531355b8a66978e497bc8e6af59e68e5145945f577e354a2faf36004e139409139c261284e59db5d9345d4df8b64e129bb2daacceacb6ab63cbf37a38b9e4619743abe6b44dfa55c9dbade9116cc42c8113ac91c7e17b5c773e3a5d3e7eb9d55dd1b30d1d2c1b4275c8ed9b32e52b79f62746ec335d79aba8d3773e8d67bd2e26a5e9c31682fa2c2ccacd315da58af36ba933d73b156dcb6a4f2caa5c793a7ca8e3f368974c938956142ab22a307b4f21f5ff1742c23f27d15252979bf2cfa4fce7ea63bf762d7af4cab9a96ab6226ae8e4d5c7d3bedc3a38f49c0556f4b81f45e7e7b0597c9c795bb2df8e9b3c0fbff00957d0f2f9dd3cd3edf93af9f058b7fb1f17747acdbe3b5dcfb0387e8f1652baeae657d6ce7225a2f8aa6af334b49508ca661af7a979f74d438db0a8dd1b65a31f5322628ea844d859613b6b1ad102bdb4699426ab1e1e873baf184a0f599021ceb9cae709acdc40babb62564259dbbf3e8cad073765b55d9d4a709c79e86c8e35cb96e23951ead73386dd3236f478ba5d3a66296aec59606c3324d2f3496ce4f5649e230fbff003dbe7c4a7a10de7981557ad846595f5d91b276e79aaaef673ebdf04aec28588edcd9a55d94b26963252d93cbb2b33d85370c69a7397af33ca7d37e4994675cbae65112880408f4ff0043e5f63e2f758afa7c7dac99475cf1fe75f58f967d0bb36e1d5bf45c12cdae3694fa7ced7c7aee9e3ab3ad5cd874ba72f63deacf97c6de3eee6e2db792d43e3bf57f8b7d2f3d0e33fade68b4cb255cead9d714fa57b1e7f63e1fb3859bd471fddc71c271f5f2a2f9a2132d3357b1142d115a68db5152ba464af6a8c77e99192bd5131d5b64607aa442cb2cacc688405b3aa0d159cee575397d78c25177324029c252ce7072cc859529d76cb39c279d3be9bb2b250b26e7755667536a7194994890564dcb52b94b416c65ae36a282d129560665a8ac956f89cdcddbaacf335fa98d9e427ea692a796bb9e969e45f6746a94eb2d93c4aeb7749455d2a970553b79dab4e2b74ba254cedbf2df6c4d92acd4ef8d9cbb745b94f6f3f5f9b787e57efbc06e39c25e9cb1031047bfc0fa8f9f7de6f27c5f4d37d3a39e9e2d98bb630727ad2e9d7c2df9e7eeebb675599d3be8b24b8812aa56f39bf57a36f879425979fe2defd0cedcce6f4b9ecf9df9bfd13e75f63cf0b2367bf800aa728489ca9e862fdc2eae5f9ef74dc6bd4e560f478fe8f0e3c88fbb85d6e69db741c52b9498a368b5c9a251cf24ba54cd6c2906dcd10256e13205a11240e163389cbea72baf149ab960c56556cac6a69d955b64adaad876576e772baab336564273565b5cf3ab2708c091a49c18c8b18881325846c45648a8a98409115ab4aaabbc2a8e98a41da1c09579759dd0c3a8958d0a8b5e5cfb201a3562566bb79972f423cf17a13a4b9d1542e694f1ca4d9085d6138ddcb50b68d1f33af8bf1be8fccfd4e56b84bb65882692377d8bc3fb4f93dccb6bf9fdd5f196f34d3ab36f3e73615ebbf9fe77d07ca7aae1bb3e8e9d1cb306c866f4f95be8a1ccf067bd4e5afcba8776ba3a73db4e4d1990ab6e3d4f27e07df781fb9e41c65ece402253aec8afb3c5ee73d7d776f2f57e7fdfa2755b65522479ee77a1e77dbf1639e93be19654a531b22e9ab6b346faa2a51ca74ccb754a515172844bc8c6c98da938036a4425067239dbb0f5e2905c8e321b539a6a5189595d94efa2f94b2ab73ab2caadcd9d95ce6af94259d58c944533720ac811901126b362a4c84661152881160109665616151574aa12d745870f4a5bc5b0ae92ebf2c975e5b2e4f2357ad23cc6beca13ba9b729b61155945e4ac5624a36aa750415d95fccef3d145bc6fcc78bd0e7fd7e53941f4c4908907a3c5f7fa9c3f3dec8dae594241d33555767acb5f47263a02beebc45bdae7fd1ebcca3af66a71fde539bcdceed36dbe2d596649e61a2bdb736c546aa8c3559e2be79f49f9afdaf2b717ece524282ca992ee70bbbc77f50eaf0bb9f0bdb1b28be5b622aa393e83ce7d6f2d95d77fb38ce1340aa9c44b1d119e0894b3ccd92cf22e8d1556bb33585b0ac890566884d558eb658a3038f8b564ebc101626449dd4db34e2d43b6abaa56d7382da6ecee76d7666ce709cd5d3aeccead6910232d0490c84e24e0893891251449208b18911250609c90d360dc4e0e3dcb58a68d194db1ae72d6a4592cbae75cbdf5e8975384872aa35a964949a6aa605f3e7ea975591873b55d468f97da71b28cebe578f761fb5c1b4f781c425f4ff9bfd9bc1d65367c8f4a251d6407a559b56534d33d11cfa77539d62e17a6e77a7ae7ef60cd89b62f5f2166d7898af52d661b29ba0aa7493d39acaf2ff2efacfc9bec799b8cbdbc5a932a57057dfe07abe1bf7bdce3f4be27b4be99e6cadcba95f27ab93d9c79728d7f5fc939e669646125516e20a76564b2d517bad96456237c73d952aac94570d4ca4b2a2d9512ab6bb2479ccfa33f6f3c5802192b2bb2688ca312ba9baac052cedaecceacb6ab336728ca6aeb6ab336d412d44a3b462c8251638b222e4093409a132b26a1294698054964b3da5928d95e72c2ede2bb505d4b442b62c9c12155b6c62cfd71785d1db695db02c983a6e8cb9bd3c39b4f87a4e75bf26e32bb272e9f3ee47a4f37f6bccc476c39419ebbe83c0f41f0fd3a2323cdd20886a4e74dc57975e6b2adfcbdcb6d7663298f2bd0e3d1547499ce7d756fd6655d95c90957b359a9dd5e75521d40a6d8c3f1afb57c7feaf9f1e89bfa3c6c596573a239a12dfedbc2fd13c9dbd568a25f1bd7d08ca32c3663d2599f447b6380e72fbde1a2cb2b1ce891144242b9c971cb63aaa57a13828b2b3117196c8db5db655529952700709e5ae3536d3d7ce04406c9ce13ce92653baa916812db64279d596573cac95764d5f3aaccead156aa3585ce995052e2c2128b62a35320122b9128c18250ceae8c5a364b524eb64d391e72bb96b1865d0d09975996dba792a97667a959aeee55d1d4787496a84eab86892d129a1489c95e5d59fc1dada2ea3c9bddceea72b8f5f3be3bdf780fafe61a3d5c9dd4f7b37e8fa7369fcffaf5c66a2a53a69dd4ce25468a2cc9279f57a3e3fd4f82f4e3d9f655fe2f46420f5cefbaab25554ea92bd944acd55d552d95551ce8b33798eb9b3c867bfedf9689574f5cd3199507220fa67ccbe9be3ede908c3e3fabb51109c626d7134e155d1cdf7bc3921b8e998dd980b799aa2ea6d8595cac52b9c2da8d52b4cd751549d09e156ed8e5d8429d6ce6e8b82976e64e1d53afb70516c2238b6709cd012a94a332528ce273ae73564e12cd9d94db2db766d135641a88bad35349905628528289414e5896aa842faeca2e899d352a89a858132cd6630d1028b48470e1d27d39e2b758b96cb910cda6359ae2b8b3467b4ba59ea36d59e6494671995a2c1689a64b2ea3e7f6754e1e5e9d5e7dd7f2d79cf9efd1bc07d1e791c5fd0f3bf6de23e93e5df6eecda7e37a7453a212c2534838c176537d7734e3dd4ee67f01eefc1fbf1f59b688fcbf4c2dcbbb7ceb24b2ad3288433e6db4d696de66ff0019e8cf5bc7dba3e971e767d5b7be383591e99bd4a12a4247f4cf997d47c5dbb75c23f27d7e8213a242545e5eeb95578f561fb3e3b6549eae738958e172288df02365714b658b514dd26b32b995d76b485b4a975aa275056d6554eece9c1ae70efc126400cb275d99d1283b2c9464aec84a2c14a5b655d92cacaaccdb345172ce8be33554e4d60a2a14aa8e6db2a5928cad2b868173b9d3027251b8d84e9846bae9b6ca2cb6d333d113974e98f4e74a9cc84ad9902c8d5146c4536cab854cb4ae4d57c8ae4d122b9169520cb753e0eb50cf1755ab3559d727c4fbaf01f4f890ba3ece35fd67e57f58f9fda7a28d5f3bbe970a30d4b34acbf3df9b2dd2cf768a9ba1acf23c6faff23f471f5aa331f2bd2b561dfbe76e7d54e75960eb92b8daca1df0aaabb2ab3c473b5f7bea72f5baa1abe47abe19cdf61e43f41e1d118beb949c43ea5f2cfad787bdb761ddf2bd5e8326ac48aecf6b3a2dcda6abc7b327d2f3c54e8fa1c2f8d3318d165b4488c2722b8dc96895d5a53259cd16d3712a6d0acb2429382cb1eac373c4ae70edc62043710b6cae59b2232a9cebb02c8592924cb6709e74eda2fcdb6daad59c275cd04632c9e4997c6ca96d8e7796928897caa752ae50215eb718de98114ab2d7092dd665b6cb33866f22fd12ebca372752a6da8a2da6b8df0ce5688e789a678f64385b1aacb097397b2bbe121e1d58fe7f59d53a7c7d6fc9a9e75cbf1dec7cf7b33e708cfe9796efa6fcc7e8be0efbf5e1ddf3fa5d4df5f3d5760ecb726ccb12bb25b6e8963499fcbf5f93f479fd2b23cff2fd26de6eed72dae129aaa37ab33d5b2062ab67077313f37d0f7df53a68d5f3756efc96635e33e69f6af8b7d8f293aacf7f1519460faefcabea9f3fbe2e9737a5f3fd3e8b16acb8cc2ca27668d78f52d797457eee39a4a5f4fcd19a2884a92e2a09ceb08d539943d2a2bd2955b1aea343c561a0a22baa9a67218ba1cfd4e44275f6e29a700996ce13cd528caa53848b27194b2148b275ce595b5cb3abedaad9670942682b92c28d90973bb4c8b2b55a6154aa4a2a0822085f595dd5396ecf32ccf6494597576e84d079eb359d39576344a1084b74b3236cb2e82446babd73c977439b18df567db6546db172699866a671f93deaae55f1e9a79fb302e1cbdcf13eac73e12afe979e7ef7e79edfcbd3bfd2e4f5fe5f6d15d91e56b9122717120cb2a8cfbeb3cc65b25f479fafa651f97e9cfa5d3be7d0973a32f59f1c3b92e1e835f23af8bae3c4f53a51f663a7ab26cf9dd5da8c6dfc47ee5f25f7f2f2f6572fb1e4945c16dfaafca7eadf3fbe6e9f0fbff3fd1dacda327394594cb537dd08c4f1eecbede59a774feaf9b31a2a074d8155d3335b5a2d2ab8914d26d30e808dd22895b2298ea0a2d921f1fadc7d678f0943af21c2709a9964eb9caa51692b2bb0b1c5ace4896c9c272ca709e3575d4dc4e9b2336a4ab5bcae691cda62b45e4726e02b0014cb32c76425a34568b08d45eb186d8e7945d1032c83b732210e40b54412190233c032d9a8356f9859398126015066e4a83e3fa2bac33a9c02dc7f3f0f772b280f6f187a90f3efd0f7c3e57a2d41cac6405958429054b282f8bf421efe7eaf9c1f37be441bccd066930aaea057d0091c8197ac16bb431abbc407a79fcce41f77c690568fa407cff462f4a1e1efd7cc1c94d41674c0974e20f7f06c3ea79d2015610e00241565e111414aa02bbc2130ab640080ab8a173cc8075e49804809d819a304948094c1652096d60b39863575c12cf084d58c148813b011442548161604930348e708aa219b6d81a28816da112415ffc4003310000202010303020601040203010101000001021103041012132131052014223032415040152333342442065160166143ffda0008010100010701ff00e97d55ff006208fcfb1feaabbede8df665ff00ebbd5bedc4877d45f57b8ff41f9dbd1bfc393ffaef57f38bf61f93f27a3ffab3ff00ebbd59bf88821ff0eff9be95fe97d0bffe9bd53fdbfe03fa75b2fe2fa5493d1a896597ff00d57a9ffb5f5fbefe7f41e9697c36d457b5f9ff00e9bd49ff00cc7f5e8a57ecafe378f751e0d02ad163ff00e124e88c9bfd4ebddeb27fc7afe5657513d39de830bffe0e6c83fd4ea9deab2ff02fe74be957f119dcab3450e1a3c51f7fe7f79331fea723bcb37fb1c5db143e85f7fddb2447b7ea5fdd2fe072fee71fe0fe7eb317dc46b8adacbf6d77fddc98dd0991fd449dce4ff43f9facdf722ada22aa291457b57ef1ab1217e9e6ea121785fafec510fbd11fb57d05fb9b24e8e427b45fe92f7cddb064178fd7b7b625fdd87d09f6463fdb3951c86c4c9228684c817fc9bdacbdebdfaaff00572fec2b6d2c79e7843df93ed313fdb796711c4a68964a3a84669ec99627f5ecbfe2eb7fd3ca3afd8fa72ff9b8f6b2cb2cbdb2fda615fb597821f76f44e27044b1d093a229d0dd162997fa3d7bad1cff004f5f468a3d317fcc8ef451456d291092fdacfc18bd92d9f8108a450e247f4165edea6ffe2167e7f42bea3dfd2bfda7ef664fb8c5f77ed666354597b3f24f6a23bcfc18ff00917f4fd5e4a1a3beaffdbe27e7a9649f98e78b475a029a639c13253488e48b3917dce5b5965ed7eebdad6d7f42fdf77bd8f6b3d27fda97bd93fb8c3f77ecef6adab791e46bb9e45be4f062f1fa3d6e956b34b3c5d3cb09c9743248e8cd31e1991c7910a39212b6a4ca684f2c55564ec49b3a9323967090f24e5dd669d56493660d4dc2be271b91f1347c548f8823aaa67c42ee4750cf89ec7c5b8b3e2ed11cee64b51c08ea548f89821ca1c39fc5633e2318b3e33ad03ab13a88e67239168b396d65efe8dfe79fbe44dd4cc1e7f74dab2e98fb91f66431f8fd27ade93867ebe2ee8a1a2da57629592c4dfcdd2ec745d12c6d6d8f1723a6493269ec98cb2f6b2d9cd9d491c8e4ceb4ce4c4ed8b2b49ae4479b2380f872589a231c84b1e5923a190e9643a5918b1e538e62b344e7344b2cd12d54a4911d5658ccf408b78b267f73271ee4157edacb396d5dca137c8bee26596356551457e8b55816a74f2c753c739a5e0b4592c5c8e9c9329a148e5435066474c8e7a3e28f8827252242636596597ecb2cb2cc6fbed08db210ec70628d131596d1172767cc44aee771a6caec7838a34da55aad54314211c5050b2cb2cbda4e86fb91fdac8adace7475511c83f2476bfe75965fd0f5bc13c1a9ea472c8eb48595b232ee39265f165a12b64d460c9ca1bd0d122e86ecee77dec4cb2cb3916637f2b23dc842886448ea9d4439c18871eccf084cb2f6433ffeaa933d2b49d2c5d5af7b24958bf6b37dc5e36a278fb1d2ee74da20d916ef64d0997fa6d669d6a74d28648d3f6f72da3ab225dca2868a64ac7b47dcbd947e0876232488e58917c909b38ce4858ce0ce367115893dab691267a6e9bada950fa0c97dc2fdabfbfd9219e515dc8c4e270380bb3f7dfe83d5b4bd1cf2717ecbf6559451c496344bcd11f656c90c4b7ffd9463a6420998bc6dc99ce47391d52cadd6cfb925ca47a5e9ba3a6e5f42c93f9ff6cbeff64d9ff51488917ece5f37e9fd534fd7d2b39e35d9b567339b65b2ec7dca13a45ada5d95e5cbcb6a23e0a2b67b45124514511fb645222f8bbd3e48e7c62812548ed5b52296d676291c4a6383341a5ebea17d36be72bf67679147d92d9c4876890f62fbff0051aaf44d26af2737ff008c690fff002fa63ffcb603ff00cb40ff00f2e6bbd2ff00a770d97fe399e7152fff0037aa32fa16a30c39e49b93f647c145144b6c70ee89aee51451087f6f23adb0e47867cbabc91dc4e65cccfa99e1e262cf2cac9763917df7723c9e9da5f87c17f41965fce5fecebdd219f8224777e08fdff4acb2ff0043abc8f169724f3e5c99d8a099e97accf973f46738e3839fad7ab7c7cfa5ec8fdbbb24c8ab9a58f15489af98a28ec417fc7ca515b7a266c0b3747fa6e90fe9ba53fa6694f5ed2e2d3e7c268e3dcfe918a5dffa3e13fa3e33fa2e33fa240fe86693d2ba1979fb6cb2cb2457612f9cafdbd9c8c92ee49ba39345fca41ed631469feb337aa658669c72fa964cd8670e2851a347a8f85cbd4f53cf3f50a4fd3cfe9ccfe9b23fa6e43fa6e516872d1f0994f85ca3d2e625a4cc61d365ea27c6931a6ca28a231ff8b328a2b6f45f54ebc169cd5ea63a4d34f36b357fd4b5319e1e3899a7d42cf045965ed7eda28ada8a19645fcc5fed791c86c44a8bee4976288aa4595fad9be3093f36ca2b69267cc53299deb6b3b59451476da8a47047491d355c5e9b11f0b88f8381f05023a5e3352c1eaaba68f52d64357a3e963d3ce33be06873628a891cb8a456d5f518d115dcafda49d223dca381c1991c948b91d53a845f6d932ff58d5aad466c9a4cf3c3fd48fea47f5247f5280b5f03e3b19f1d8c5adc43d5e116af11f1384f88c475f19d5833944b5b514713a744a16c926c5e0ee7cc49e539e53acc59559f158fc417234ad7c5417d797821e7f6b93c18976ddf826ad9564f111c62876381477427fcfb2cb2cb2fe87afe93bc33c2294e47ca35064d51659d4399c98a459cfb96cb391c98b2cd1f11316bb22edf1d91a16b3223e3267c6c8f8d16b4f8bc747c6405abc4473e391d581ca2cb3d37fdb5f56f6b252ec4197fb4ca63fb7793ec25678912eecaa16f2ec41f6fd1d15f435d816a7499219637f338d6d2ee56cc4dd1e77e36ce2703a674ce03c6551dcb1b5b59c9a164b391677218a52447064e465864d3cd43d0f4ef9cf35965ed7f4a892ec4115fb49ab62f05ed3645f62be6b5f79223e37cbe0c7f6fd0a28afd1fa862f86d7e682892c48e98e27128a144e2288a271381c4e074ce98f1a3a63c44b1b1c0aa1f723db74e88e6a23a9764e70cba55934183a1a482faacb27231b2eff695b56d23c11ee57cc7923be531fdbfcfbdacb2cb2f6bf77fe47a6ef8f3e2e7195714d1254343471ec45090a2289c4e271381d328a381c471258c78e9d4f1d0d1451471389a7d3547a9a1c7f15ae82facf6c8882fdcf99125d8833fec55117bcd591ec8b2ff0057a8c10d4e1963d5e927a6cae18e54c946c6b89288fc10424242451451c4a28a28a380e04a0658d3250a3889091461c3cbbcdcf3a67a26965894f27d690c9b6883627fb77e05d9937688f64c87dc49f62057ec757a486af1f0d4e9a7a6cce1097e24868af91905d84848a1228a28a28a28a38b450e2658fcc642bb090918717532251c6bc4611823d3db7a7fe051957631a2bf8b7fcfbde43d92f945f71e48fecf5fa35acc153c33865e9c1df66875c5b8aec2451542debdbd88a38924648938fcc35dca12b661c15130a69560d15f78c54557f032b31ff1a8adecb2fe8dff000e6c8a27d997f291f2551177fb4f52d22cb159b2e3f9b9f51344e4a51228484848adabde8a1c4cb16497ce35f3095f6c383898e0f24ab169210eff005dedcccb23165ee5ff00268a28addc84cb2ce45ef7fc0977659256c976898bc9223e7f69aceda4c848cb0b238526242fa48a16d465c5cb1de7974a69bf9a57a4d1ce5331e99e4c8e10c71c71afe03db89963663c4255fcfe25143438917df6b672391d5233bfadf92ed925d88f63c8957ed35dfea4c91242457d0450848a284b6c70b27a48398f4d8e704a108e3441543f84c4b6c9e4821fe8e4fb17f391f051c492ec38bb31c6bea49f623dca13f98978222545fed35ffea487b57bbc7b6c5e77a6448761aefbc7c7f09ef3fb88fe927e08af988f8f67117d499024c82f989ba462189f7fda7a8ffaa3f7f9178f756c842123b8b65e3f8774592f244bfe14a543cd475ac8cecb391d5472b397d1cae9119fcc45dafe0bee3f94f288f9268876449915fb4f53ff00587f5ab65dc8ed04cadbf3fc4a2a8ffb14c5fc2ca4d9021b4ce2c8b68bf988f8fa1955a218ed9155fc1b256ce4d44c64d89ba232fdafa9ff008a03fa4bd8b64211df896f68fddfc567fdff0089959e645d11c87327948f71ba31bb98bc7b992cb5225948e5a3ae756ce47262989fd3659449221e0995f2918d15fb4f53f1025f497b62f6888b74d45f25b47cafe1316ccffb8bead965a391c87246556c8c071238c947b1c10a89f730aa7ef93a44e57224cb2c809ed447e9e47d8c6b6cac8f826c8774345f7fda7a93f9e09fd2efb5eeb64450bff496d1fbbf84c4f69b23f7fd5cd9389d6675ceb9d73ae75ceb1d63aa750ea9d4391c88ca88e7239532fd93f04bef24c49b3ba318b68afa5c9239233658c45ea5a78be3fd474e64f52d359875b872a32bb31bedb4bee178fd9fa8ff00b0897babd8897817816d11088f9dbf22f243eefe13db992645fcc265efc8b44a742cc295fb350fe8adff003bbf0239b443391cb62996657d8fc92212ee356882688ed7dc4fdedd1933ac70336bf24e727f19960ee7a9cb94e6d1376264272462d6e58aad37a9b84cfeaf0e75835f8b2b239a0ff67ea3fe643fa7f812d96c84445bc3ee5fc3671248c6ad8d114432da279d2326afb91d69935762d43b316a8864bdf50fb8f7bf6af65ecd7611210ad0b251d5253b287123023e36b48ea1d53ae7c41f102cc8e659933c3144c9eaf17266bb5dd4c4732ece4290e5dce6726c4c8cda26ec8ce716697d4670b860f5ac5230eab167fd8ebffce3fa8bb085db654210b787ddfc3432663f22db167a465c964d91b6c9fca85220cd34ac5b677f30ce44a4750523917b476a16f7db6908e45962659659c8e4c6fd8cb136466c7a9e1166b35b3cd67233e5e68e4721c8e4367239168e4859622c9012859155234f95e19a9e9352b538eff5faeff6243fa0bdbe44247967e7642da1f77f058b7918d77df911958e36638f7332f94a11a6cad331e5b439d99bef1a32caa44b2f614cea1d531cac4d11dd89963f0446be8515b597bb28464cf0c665cee509939f76391290d96596597b5962643250b222324852b31e69e36a5a1f52eb350ddba3a84657fa9d67fb131fd44f75d8ada2c5bc3cfd15f418b664998def42ec72232ec4a567923138251314c8332c2dde4cbc0cb9394af9762fb8df62241d31292310fb1d42ef65e4978117ed73a2392c5dcad9a28a28448464e5473c789b3519be76659458d965fd24c4c44589c91872719a787275714664a5479144aafd4eaffcf31eff009fa2b742f0223ec8797f457bdbdec931f831eedf62c6c8c893319c89ea190d4b891d50b52b89a897225b2da2627532591713e2388f51c91d47675e911cb6431fca64ec87928ea917b4b251d73a9645d10c8a88e523de44fb221dc915b5efaefb8964f986d3ef2de8af6cbc95ec4c524428964823d1b5bfff009a764fc91fd5ea3fcb325f4d793f3b7e088bc7ba1f41fd0916cb25239127d8848e67325696d262f07965d1d413b25d99191d4ec4dda390d88b1331479135c768ef81ab212f94961e713571e933abdcc594e666c8723998f21c8c4ea4419965d859a8597932f7b26fb1aaff00249b7631eca0748e80f0b1e26713894515b2d91751aa34b9658b327a2d4f5c97923fabccee721fb97bfc084476477d9102d17edba390bd929d1d53aa7508bbda895124423d8e270a3a968c714c9409fca88c89488f72a98dd886c8cbb125b46163b4c898a54647f29645ef0661397181adc9ce7542ec8ea7624db3142c782d0be59527d8c6ad919519729cbb9062c87504ca32cba706f5391498cb3c98707223a64740e89d01e047c323e1896907a364b4cd12c4ce2cad95b3b907dcf46cdd0e7372f985904ef6645f7fd3e5fbfea23f3b7e488bdd29513ccd18f2b6ce4291659965d8c526c4cb2ce4657dfd907472272ec29b73147b1142431c083a1f7250b44a1c4947b117472b28449174721f7232e28e56c8b31b251e5126b8b22cefb625f318e5467d47fd72f924429c49238f62f8b3165b8999fcc2c863ca639599a2c9ba313b399da84fb8a47a9ea6bfb6e56f6669f172662c748a28a28e2381c0e23858f0d9934964b4b465c3c7652a2322bb98f371c5386933738408d91f05a252ec63fd34bed664fbbea2f6445eecbe76548ea1d43aa7549cecc2592c94cea9d539d9672391c8ea129d98bef1096eb172812c2e0320eccebb1cfb15b46c4bb93b19629517c871a644c4bb90a35756456c85d8c2ccafe724ac9c3b11ec773f04df714a4997686bb986269e265c49c4d463e32213e24b277303e44dd1091ea2bfb929d8bc956cd363a891f62d9a28a28e274c9614cd4696d333e1e0f64d9091e0f4fcd79459d23e288ea2c967316a123e2159d644657fa39fd9227eff00cfd0fc8bc0bdd97c9925429339b39b1b642d8a237c4eb0e4d96cb2d97b596ceec84198f1d6d3cbc086a390a4698d42544a22eccc9f31254cef5b47b113b193ee11d3b12a6276714451c9d13b22fb174721642196872b90992656c9fca4fc8a4723c981598a3435d8d6f66390998f2b89d5722166b172d3c8659895ccc5f6ed622284bd8b6894389285a359a732c784c894d1076693178c9c8e67363c942c8c8e4688e67669a7cbf479bfc3325f556cc8eebd997ee25dd8922914850b230adb2f831e3b3a0658f0177def6b764204207e07297238f2890c5c67b29b8512cbc894fb97b4b1dc8e34897631e17247c32e249d325b46679670646c5d8e449a6409c5a5b7865b1597bc992c9439d97b40d3ba998ddc4cb938a357939c8a38966323e0d7cbfb74f6d34794c82a2f68a12122b6a28a3c117b519f17281aec752176679558d77349fe1f64fc119d3397623234b9b88b2d919165a2ff009da9eda7992fa0bd9f816cfbb23baf665fbc9793b96c845b23128689ca8c591588cb8f922b8eefc8a364311086cd8b8decd166469929532f68ba2c7dd1185ccd2e387035a9460c93ee484acc3a0e71bc5a1546a30749918f238197e53959a4d3bc8ef51a35d264be5952efb7e0a2da1cbb176c9d0a3674e87d881888ea7819f59637c99db64acc70ec5b46bbed43db410f91ce2ac58ce0248496d5bd6f1f1bccf538f6b12b446cd1b74cb2f69b38d96d119330b212ec47291c9d8e5dcea77164f94966a3e24f882397b0b2a65af7b69225a9516475099d64c9654911d4727b39509fd0d6ff00ab325ef5edfc0b66216cbd997ef63f22238c8c4ada7327dc937077a6cdce3b65c6782c51b231230de6eccb9278bbe9b3f523b51637dc6ce4588891890cae2cd56594d125dc911f269b51c7191d577334d6431c52465c8ba866647c9a494238ccda9b8353c5c9df78ba7e08e423e091cb6936c4e88cec9aee55107d8c8dd9dc8bda18f90e1c6443ed3b1ea1f72df491ad3c496686044b5f3b3e3e4475ecc5aeb31e6522ef742a286b6f04df935f2f9491193463959a5fca4f791138d9c483239688cbb909763aaac54cc93e289663ad4cf88ee4735c4864a3e27b90ce993ce90b56ac8e54ce48ea2355aae2879f948eaca8c79593d45aac33a91f115027aaee63d510cd673f76bffd5912f1f5579dd7bf27dcc6ad9080950b6cb928bbef2f24a366293c33314f9446bb19f1918b6c863210d9ba2ec91921ce06297432d425c96d2ec70258c69a22448a2e9918f63333a64e24634c8b2bb16ece55132cbe71bb22629be258a4a8c9df21917f6c4465d897747e4aec7e4e364711f0b6878884471ee654551134a91f051ca66d2ac7130e925357ea70e966ab4455b22b8e01e2e4cf86b25a591d27123ca261cec865b14cea23e22287ae84590d7c18b32909d9227dd1ea0ea48fc8d590344fb92426267e0ba3916459cbb90212323a3e2669d66cf32e7458c8e5a3ae47298f21966d8dc911d5ce27c733e31b3364e4786733a944667368799d1c85223a86886a886a51d747590f323ac8d6cf960af77817b157b56ebd93ef26431918ef932f125939111b2cc90b89a4cf4f8a7689a4d0b1f7231d9ba464cd6c8fda32bb1aac5f9d1e7ffaf92524d8a45a66588883205213ec385b1e3ec3d3d9f0e471b522871264e364713670a6423f29452251f989af90e2d33f02f03f24686ac8aa22fb98a5f219722ea1198fb8d58b0da278dc26629b5461ed84cfa894b2386052503d67139645330c79648acaea35cd44f8b47c6c0966848b232ee63c847293ca65739925214da21a9c91306ba5688e55961723d55ff75242231fce931d2b6509144d1dc459dcc4fb17dc9c9116b9125c8924a2329908b6748e242250e2999319e0b2f668a64532f6b22c57b26c5367559cdb164689e4e501fd2477f62222dd6f572628d6cc9c8c9f31c08aa45773895d89c1c657a6cb703c918ed7466ca47ef17da33f064eec945e29f3d366ea4092a2c522ef6488e4691d623988e61e4446687242926ced45c4953255645a4895366392270b896d6dcad0d5943ec776f68bdb12b63fb4cbf7916c4c8f93112c499d38a312bc24a328eb2a0ab09abc5d6c399ca27a7c2f35e5564f0ca43d3b4c78a6998f1bcb349ae9cea8d3c7912c348cae98f21cacc58e1221a680b498c8e29e09f2bb47a93bd4bda26376638d41192d1c8e62764ca2cb1322fb0d99720b27731e5f94bb1451282238a912edb46545f6391d99957cc772f6891470251a252da2c8e42ec72a3aa7548e4b391177c87f416ebdb123b445b212df2e4a4753931b3909f62cb1bec457231e3a231df3e5e273b22fb97f2965aa27e4e9f38906f4f9aa711c0a1edff5d96d6267368792cc6c9e463948e4cefbdb44353f2939d97b26262a62c51674227c3a1e1210e3b65c2dc8e9b47164151886d514dc8c1f2e2275f1d7ce3c0d4be97a767142cd046b14a4d13c6c6e503aa8eaa638f31c7c2d262e34655f29a8c776e5766484a0938e49c4d3eb6661d4c32c45dc97681ab77918a8a34eb94c8bf0b37da56d024c4ec48e251044dd13bb38b212a212391190a77db22f94ab2da6295a2526a4465d890dec9d91444e44e5674ec96d17dc8f832898886d15498fdeb7fc8b7fc0844765bc77c99289e4e4476a178dd46cc78c8c6bd99f17238d105f31ff0052fe63f037f318bc1a9c3ca235d898ded44d7ca2d9ec9ef8c93ee32bdaf76fb0b6b1646859ceab3aa47212c94754e68e48e488b5b41d48ebd409db9de29ccf5297fc24bb62c2cd2f6d3c048e163c299f0f13a49138f63062e53316332a32e3b44fe53863ca85e9d090f40b2f123a3c98725e2546a1ff0066466ef3d91a5fc98d99647e768f824ac5116d15dc9cb8230e37955e7c7c04c94480d91f041d487f3c05d898a44e998ddb26be525b423dc8c769219197627b221e0cbe0ba645d9174591fb58fdebd8bd91111f6c76cb938a32e5e4cb132cb65ed08d9081155bf5559e46ad19a14425dc96639f72394bb31781ab2cc8892efb47c93f05155b22b6b21e0fcede4a6bdb43421aee5087bd08c9f8dbf077d936464e8ead11cc2923923532e781ad43f10c5f6c54685b32464ee69e262464ee70b465d3264f404706783314254288a26b7b6972192dcd91c6db38b52e18a1c2047b7793109093231b251a20bb9daf6d4b3d3b2ae296ba70e072b62c827d8e2d9c5a89076c8e5fc4a2c932e8e566374c7dd1288fb18a0d9d324a8732c89944476cb65115472b2043ec63fa0b75ec4216eb79e5a465cbc9ecb6b2c8a23031e322b7cb9689e56b25e0cbce3b4d59961c1976cadb1f931f8da489a24b68ecbd89edc48ba2ac6889277bd6f5b56ed6f643c997647e76a21e07e768ca8e6295bacb8f93e699191191c89642de4238be620a8c5e09a3c6d4281189c4a47a8bff008d25870b9656f24671278f9e583e2532507424c8899068c8c4851ee4717632e2b6608f13538f91d0674caa4693b996944c1853462c5ff2192c4b813c1fdc66a317484c4cc2b9a1e97b1961c72569f17ca38d199936f989d912646168ef1661aa3509364700b4d2685a4991d34871e9aaf73d90bde842f64dd424f265e5ee8ab211218c4ab7cb97899727264bb9a7cbd39d427c96d961c9128709963663f263f04a55b4bc191ec9ef7edb3cfbb916767f428a2998fc9976af62f1ec447ef44a0e3167e4e4721e42de423a8583e586a23331b462ee89c6c9626a2472d898848633d467f64749831ac5196abe6999571c8cbee2916762b6ba2ec8d17dceaa25dc8aee4fb91876258db64f15a34eba666959832b82239bfba3d5f62597bde79f344719187ce8c1c144ea468c9153cb789c6287c59aa8ae0ce2e5238b89156470a71218e89635c8cdf2c45dd187b98e2a88423c458d1aced9be82f72d90888bd9a8ff005e624ca7b51c44ad98f118e078daccb978a3365e5bc8d267fc6d9f1d954331917513bb2ec9b24bb95b56cd117b5143421fb28aee77427ed68bf650bb191a7bd143427db7684789a26c9165892644cd879cafa6f1bb86abb18754f893d5eaacc1a9cd96e39232c3331e4b2122321c86cd5c7929cf452fedd573cadc9f277456f7ecb393148790594ea8b31d41e53a83ca75053429262a63c499d2a3a47168f988aa3e614e48949e53a544f13910c52426d222c9193b9f8315f2313f948ce853354ef3bfa0b642dbc0b68885b2df55feacc848e48e48b39919fcc43c11636264f251965cc68840940e36c58dc3be0c96b692b32e3ec38c885a641362545b1b251b389c76f0791a1da22fd917ec4f6ab2a8b2cbda456e8bda8435b5965ecd6ec6db242449d10224867c3266995118c5918a8a3518f9445fdb91091190e4499ad4b844d2c2b0333cf8ff006d3131fb2f6a28a112f644fc8df62b789cda64730b2d9d41653a8277b498a67345a2d1d89224e44b910fb88aec472347588e732bbc8dbf7216cbcfb7f221085ecd577c125d13a4c788e99c4863bc8415436932e8cefb129348e6c83ec4a43c9522392d10cdc24472dc4731b4c940bf9c8781c8a2b6a38943814d15671144a28a10d15b7e765b3f251dcb13f65ec99e45b78d96d5bcbb09d8d0c8923a8933e2207c4c08e6c6d8a9908d3225993bc5997b331917b7964bfc759f274e04b68f91bdeb6b13dd0f66591f035b50f6487b448b44a54c8cac5268ea2a279073239192c8ceab16564729cacb89488d56d7b4bc8fe8add1e48885b216c8d6bac062768a25014078858a87268e5d8793b8e764a564a167484a871ee3c162c543c5662b88d97dc93ec57ce2976253231531e247490f0d0f19d23e1ec780e8b4716701c19d27438338b28a2ace2556ccab28a28a1a2bb9c4e2713894d6f4508af650e2774499ca86ec961e48e8f16745b249c4c79191d4e430ebe6886af1cc9bf94d47720bc6f8d5b24d453965cbd59b649117dc9162658d142de24bc94338f722496c8944f07945096f25643b31b1bda8487b50b7ba148ea0e42c84be8af6d6c85badf3c79c2a1048ada8a287038232b5167510b244eac4ea44e713944e512e25c4f94ec24890a0348aee62c9c49ea3b9f107c4d9d73aa435091d64ce51649c48b8d8e31171a1c2228c0f878b44f4d123a73e14f873e1c9697b11c123e1cf8767c348e84878e438c84558d3476f6f928a1adab667932f66322639762505347cd8a643342474304c8e8f00b169e89e8d65890c53c2aa1f34c8ed662d549c9cb3e7797b6de4e3b3d97b96d65d945d17bd8d5974591a28adab6a45091c46bbeebd9125bcbe8af7a16eb7917edb13db551b98e0ce2ca6548f9cb997339cce733a933ab33af33af33e259f1323e236747628a3bec8e4cb67723959d563cce8eabb31e764b3591cd47c49d5b399f1144334479559d9a2cb124ce940cb8a262825225860e23c51b1e043d350f012850b1b38b38c8e0ce3471b389c0e99a85e36889d1c893b47820fc104c862424a8d47da47b488c84ccaff00b6cf05decc459e46b7f059e08bbf63453dabdb6491dc8b2f743f6592dd7b10fbed1d9fd15ee88bdd2fc145fbaccf76722ce42da86e8b5b762d1ca27289713e52a3b35b5fb2cbdace4597b267213b17939d1d424ec832fb91ca758eaa219496625959d43af3a3a8c865ee2c89c4cb928e56268838d12e24b2247562cc4d12a2e27cacd5ff00918c479389df651313a23339ba25f38e144508cfe52e367168e2388a251e36a2f6fc9e4aaf677f63f7345174296f7b5d7bef77bc7ee44bcfd25ba16d1dd7b25b35ef942cc9a725068fc8b64c9a229d9c4976465caeceac8eac8eb48ebc8f8891639162450863db91567028e2ca23679144e053dd36722cb6f68c86c6c4ce45962cb44be63b8acb39b1f7471ee44948b6294b919bee637b41907f8a47462c5a747408e3a3892690fb888a2782d5c70a3e1e23d2c47a7a169ecf8763d333e1a43d3c87a762c321e167459d3653477f6589fb6c8b5bb48adda112565d09eddc5b56c8626321de68979fa4b75bc775eccd9384e229dfd1f24f0d93d3d0d1e0b25e0ba25a825a924ecbf6d128d91c628d1c133a4878c9626556ca74750533989a28894771f92bb1f925e374c8f738d16596364448923ba12b2ab6e1d8823a4ace9512811c763c50d261eae576d9245d164721d53e228c5a9239933a8992c8596230c6e515aac738c89e59464433b67c4512d498b507562cea44eb411d6831f0a164859f21f215064e3023860cf8588f4c87a61e98f8663d333a0d1d191d2921e2674da28ade8aad9ed48aa2cb2cbf6595b63ff2a1fd15ec5ba16cbd9af9566890cf44338a57f45ab32e0b3245c4fc17d87dc943b92c638b28a28a140513a4ec58d8e2772d9cce48c8d1762859c6b6488c48924465dc5243499c6ce823a167c3a43c27c39c788fb9254b645591542b651472a2ef64c8c6c8c1b911c142c703f35eb1a8feee2c1219288e2d1672398a447311cc7551d5b229b211a3470fefc4fc1c619e75a9c7d0d44f1dd8d11133bb2498a2d1294a851763e427215a27c9919ce263cec798967a1ea4c7aa475d1d7891cb065c5b1422d12503a703a703a31674523a28e8a169c969ce833a0c96267498f1b381081289c4e271299446352facb788b65ba3d47fd81323331e5233bdefdf930291974ee3b3da8e089c0add1d447522756275131d1169a1c2c9268706cf0c590f3b45d0b22a1644792502e88b132fb1d4a3ac2c8592a24a9923a562c22c5471765522c435139c10f53891f1980d1e78ea5d24a233a8c83f91cf5197afea76c6b6e24b18f194c8c64c8e19b3e1e6434e430918a447c1a18f9647e4cb335da29e7cbd5f86cd0d92228a3f24a0c95a22fb96854521c51d324ab6a3a499d2a38761e2162a15a164689b6ce4d0a4ce5243c9239c8e733ab23ae2ce7550f2223247ca7ca7188e299d2474e23c68e99d2474e87f417b56eb742d91afff0069ee9d18f290c97f4a514ccba632e3717b56d564e1bd9d13a0740e934711448a1c3b8d12c0e47c34c58e68e0c8e376744e9088d3278c8c058ce0746ce923a474c9631c59c6c8be27243cb044b578624f5c4b58c7ab992d4498f2b3aacc69e5c9186258f4d8638b9226fb12f97133552e969646395ea2d3def6714ce998b111c474d154508ffd2c30e9e3489bff0093320cb3d4ba10c12cb0d5b4435519445ac8f146bb59c3e4d36b72433c492e5138a124caa2271b1aa2713896459d8b2ca389c4944e36c8e3a381c070144e9a2588e071285128a63b3e647365c8f9cf98f9cb6c7f417b10b75bc7746b7fda995b51e08e5a21a8239acbbf7ded930a91974ce2782cbee4bb92edbf291d6a3e210b2262a6762d12c9dc54c8d14989238a38a45d0d967817712289f63a84acc76791c593c6c9466897232eb2574db96dce48ea5965efe89a3bff0093e5915449db24fe7c71f5795682661fb883dded1228876148b2f6f08f4fc3d59f5f68be5aacce2e847fe4397fc58e53219da16a784ad3f9b95785a1d5af87239d5b20d3653da2d8d364932bb156ce0462348e078d9a1a67167223b58b664bc96cb23b5595b52209148e27144d521fd45bc45bc7d9a8ff0066634a8fc8d0d6d445b461c962a28a389c4e2514512c768cda3b32e9e78f7922b6e3d8963b1e9c8e262c5225c90ac963b2a6879268c7a8933a922394592cb1a2e98b8b388b668e3dca122a879687a93af167a8e750c15edba2ef6c58fab9a18e18e3830c71c559391126be6bf5beda166331bf650bb18fb9dc8decd9c92ef86f5baa8e28c546291a8c9d2c5271551227e0f5d9f2d78f7b1314a88e416a389835b91aac7fddc50c915b4958e2387738f629896ceb6621d148f05594212289c4e271ee71ada3b3c6712312994ca32f8fa885b5885b216e8cb8af2c9f48f873a03c0740e89d2230a2d8a6750ea9d53aa758eb9d63aa75513e32465c11bb92476a327ddb7248e48b88da44668f9592491e09e5149322a2371254c8c4a1ba24d315a3933aa2c8732526464c8d9cc9772586c7a766b5bf89943e87a160eaeb1e497767843eec47e4f5d837a2b81017b7149a136c45d12c866ce7a568be174d7b6a3fbd9218e303a544a748f52c9d5d7e67ec47247345f83d074ffda79a58613465c52c477d9b2af6a450e271381471ec711449622a8ab1636556d4343ec276577144e250a367028adb51f81fd264489f823e042dd6e87f76d456d451456d451451434514f67672993726384d8f1cce9b1622858533a03d391c74783c9c4e8d9f0c741a1c1a2a8b398dd9d33b91b6383176123a6849225449b4c49b126421d35d49cfa9394fe87a6e93e0f47149195915b4a5c72232bc7ac865d328f175123b79db8915426731cc9e53d2349f15abea5d09d997270460c7d2e4dcb88b2c199e4941939729ce5b59dc484313f98f4ec7d2d0e189e519b0f4dded5ecedef67038ed4389c4a1e3b3a54701476a16cb668d4fe3e92d90864442dd6c85f428a2bdf451451c50e099d247491f0e8f873b09885b38a62545a259389f12c7a93abc8bb2991291cd1d4447244ea219dce4c948ea484cc728b292efea597868333fa1e8fa5f89d65f9649d21bb645123357caf02961d5653d5741c2f5445fb12286364a462c393579962d269a1a4d3c7137dd8f22c706e09bf9c9a32235cf8e9b24bf1b56e889230ae5922a2b8aad9f733e2e977b2d8996263dbbef4f7b2fdb5eda28af6346a7cafa51f3bada3b2f6fe05f4e87b514515bd1451457728a2523e739644465362b671258c945a7b4628e9409e18d154f6716460d8f01d2231a163140a380e028f738a3162e2f95d9eb93ad1a5f43d1f4fd0d044f04d91112350af0b2397a90b9de5d26582111dd32c937b697d3f2ead9a4d1c3458d4565e467c91c0a59307533cfabb5933d63e5d0cf65ec42247a72e7afc093ddbfcf233608bf9a4e84eca22ab7f05adaf7e4265efdca38ed672472dbb7b759f7fd16fb11dd6cb65bade7f6fb2cbfe15145143c4989410f2411d51656751a1e7253b3a8db17505299c9d1d85c0f904d0c5c46933c1d4399c997265115649d913d7e7df0c3dfa3c1f13abc58aa8933cb12da49a25de0ce3e56397cca1aac1d0cee245965965976693d33b7574baa84b34e13c9cd93cab142a3096a27ca11a47243c875067aeffab018bdccf485cbd43118b2d88bee783c4b8c5fe355f2641391f391722d96731cc84ac63951d42c533ffef2398a5658a4ceece2702ab7bdb9166a9ff73dc8f3b323baf6fe765bb57128a28a2bf897b4a6494e47c3cd91d3b42c2c96264713250a26e288ea51f108eb59f71d32444498f13145a291289139d0b323aa98fe542227adbff98b65eef40d3ff9350d8c48ad9ed38d65666873c1358748b2e831e3d5e867a59112b6b391e918572eaeb173c133d292868f9cf27e2185cd892822598f9a44718fb15723ff0021ed8708c5ee97e4f4675ea307477e1257714ec9fda7ff00dd5e3be2f8a3c6ed1d26ce8118d0ca4c788963383445bda8511f623659ca8e76792cbde8a351fe57ef4b662f1b2dacfc6c85e7642defead7bacbd90f78c11513b21e448eb0a57b64ee8d445d908362c53218656470f625899d091d1a12a2d6d18d9d21613a7138c50a0977bb9efea92bd7cfde939492d2e05a5d2e3c2d9e4add88cf1ef74739f89427922e33c2f1659438f62511a3161796460cda5d0e1509bcba923174a31c6a239a896e64317e7c0fff00726411ff00927f8b00fdd64bf27a2ffbf13976177818bed715e28c7e2b52be4459d99c76b39a1ccea16c4498f250a56268b4762e8b114348a148f3b514782ccffe497b3f3ecfcecbc6cb6fc884216c85b7e3db65fd07ed65145145096dc514b6ec714764268a4c78a0c58a0894a28eaa3a9d8e4ce4c76c78e76460ca14a8ea21c99c99e49ba4436fc1ae77ab9bf77a1e9badade6558957b19ff63246e224532390d663fef72a1c4c3a379e44f4d0869678b45d27cf2c627348e4e4281f94476b3cb228ff00c93fd5c43f75f8247a2ffbc61773643ec445d31f91781f91ae706a567165d1699c50e22470112252dbb1189c06e48ea0a47239c8ee5328431491ccb2ccafe67ed7edfc7b63bade221f8fa965fd3bddc8729d97d86c8cbb1636472b475592cb90ea4990562a45a2d09a3923923b3250b38d17b4691277222224ff00b6cd57fb12f7fa2e0e8e8132bdd2f247bc494698d0d1963d5c459834ef2cae39716255a9c9ca15831ac58d4230721e1e24765e48ed220247fe46bfe12fa0cf475ff226f4abe6207fdcfc117b44d443fba51c6caadacea51d5b2d9762c649518eb64cec544a4783c9dcf98ee7712388a2328c9f731fb56ff83ff5ec891f6a1087e0afa165fb6cbfa3622a25446878ac8c28a2cec4687288f222192cbb291db6a628b29a1f33fbac846624cc92aec847844ffc72357db50fdda7c4f3ea218b1a518a8fbe46263563449128f6e5f0f0964ea49b9a231fcc62451044bb896d189e06f6f1130cacf5e8de8643dd14713a523f07a343fb539e93c907fdc1fdc5d313ac8f7d5768a9750794ea59c99e4e9d9d13a6ce251c458d6d690da252646f64597b34773e6172299e09f97ee5ed5bc7dcb7978dafdf5eeaf75977ba5b71389c48a47619499c50a8f9092c65c51d427964294cc72626265968b472398fbcee2374654d77be58cf518d658bf6fa0e0bcf3cd1fb8a2bdac91074c4f6689e45862421c9729e24d23a624638f63f1b32bb0914322893f94c27aa2e7a69262639289508a3a913ab314e69de6fbd9e9b0e3a681a5303b98fc92ef123df8c96da85cb0c8491c51496f64a6750722d927222a42858b10a08e922a8ea244b3448e4b391d56750532cbda4d5325ed42ddecb74445bc7d921ec86596597f4af7a12297b13391d581d581d4831ce27511f71d2b3e1ec5a662c14748e9216247045a429a6763b12639511cd7349f8225dce2b2fda41f63d4e1d9fbbd2b0f4741023bb1f816cc90fb331bb5b66cb1c58e53d037ab9e4d4fdd03ff4322ac8a1ede591f1b48f237449988d5f7819f1d6a324563465578c53b8a39a3a8732f9289a5fb1187b6293d37de4bced1ffb283b5b495c1a5db6a3b239a2d0d26748e291d8a5b5965d1d439592c4db1e9c862a12291d8b89ce25a3919236992f747762f6a16eb65b657484ec68a1945145165965ed7472dab64f65ba5bf0687c878a6c5a6990c3474e274a25288f2d1f104750754bbdec71523a2714713a674912c514afc9e118ff00c864f045d33d5a3fdbe5ecc50eae6863fb5562dd8c5bc8918df71f83d672d4218bd2b070f4fc2dc3915dc688ad98f6832c90dd0d8ce6b1c1bd47a8acbcd576da25536b74697c1e34ccd37de4bcedff007441d4f64647c72ca3c99d4916db2304ce23a4ce486ac71adaf6a1ab38954468ec521b5b792488a671b16226aa0c96cfd91f6f715fb16f1d90892b3c6f63389e367ed6f64cb3b6dc8e4722cb3b914ce521b2390590732529317325cce326742ce8c91c644548e2ce2ce99c28f1b56f93ec21f713f043ef44c9aa91ae5cf4d35ecf47c5cf5e9da3133b1d87436fc444fbed21a13a65fca7a9be7aa34d050d2e287124bb888ecc62478390e4596367adea6a10c19a72718917ca04fb0b250fbf7adff2691d991d604699fce64f2773fec484ed2db3c5752ed1d9ed6c7c87193642252389d3385174723a87932636c8e3994d162c6db140ada8ee8ea519725c192def78fd65b225bdef67728a28ade8a13d9d9dc58ce99189d8ec374750ea1d4232391dca3b92b3e6299c5891d91d447511d43aa879094cea32e4c7ccf99231fdc4c8f691f740c8accbf6b535c66d6fe830f932e4317939f11e4232d911f3b3da6a9927f21a97cf57908f68a5ff00f7f23f02f1edb2522cb353af869fe5cdea918c0fee6a339961d3cb3c389f0971caee4447e3d91fbe2687c1a9fb6269bef464fc6d7f3a1907d8fc333778c65c62714521a45a1b4762cb148f274d1c512c7dc8f63c943499d3473511654721b3b8ece9b3241c60c7e7dcbe8c7c6eb65be4bb428b389c4a28a2ce4722cb2ce458d58957b391cc96439c994ca6289d2474e2704544b8a39c47911d447511d5165396fd8a471b3a63c62c6706849993ec3192efdd79314abb4a3c91a8c7246abfcf2f67a54386820598b6a38a1ed07b484645d86fb1a6bcbadc63e45b47e45dd155ec6c932f7d56873e173962d2e6cd21e78e9be4c787266912f4ad579979623f07e378fde8d0af9226adfcc69fee464fb44c93a921fdec87febc125cb01c4a624c71b163a28e2870474ca1e365644cf9ca6517ec701289c76b24e88ccd43fed31fd742d96cb795597b37b393473bdaace28a28a380d51745d886721cc8bdb8af6751b1b99f39c662c521613a47489603a0c588e0531e390b1c88c0af765ff1b23db1ec9db2da673b8b35b9e58a0c94ba8edaadf0ae1821030797bd8fb8fc1164592da5e0cbdb1b3d3afe3b0176647516448f6192d9b390fb9450ec67aa6b253cd2c1a4c1f15a88e2c1831e0c6a39972c0cd6e2e96ab2448fb23f723d31f2844d4bf9cd37dc897813263f288bee3fb88f784b6a3b9df6ee53228a1c0a650ec499dcee362b133b33a68e271144a8951355fe21fd342dd0bd8b7979dfb6ce3628d6d5b59c8b1c8bb2503ba2d9765147813bdd96cb88e68ea0a4cb7b772d9d46754ea8f2314989dfb2b6e4750e6c93b43f091f9da32a67a961ea60722caee625cb3416d87cb1b1cce5645f71f8da2cbda46a3ec99e97fefe13aa4e717023e48ed2448a6ce056f29a8a1b3d4b4938eb253f4df4d7a7fef62aa25de0cf5dc5c73c2644fceebee47a7478e34b3cbfba69fef44bc0fb4c90bbc2226321e59e06cea1d42cb6773b9dcb659c8ea1c8733c8d4c8ed4772cb28e070a355fe31fb57b90bd8b6ffb7b65e76649909164a547504d8db15b28adbc099d8a4ce08f0732d1691d43a839b671b3b8a3628a12da565c84eca47138a3b22e2292391c8b2cefb44ec5a1f9dafe6a2764a6eab5785295d89b4ef4ff00ede22c4cc3f91945511f23f1b4648e6291e4d74ab4994f456bfa8c0f90cb18a15598ddefc4e250d1433ab8b539d9a37fda9e28f723dbb7688a9a3d7f0de979b223f3bc7ef4693b6224fe7348fe74489fe0663fb047fd08f9249f2651d33a68a3c1cda3a87339594c959f31f39dc4e444e256f659d4a1e63accd436e287ed5ef5ec42f73dbb12451dcf2245a3b1d91c8bd9adb91c8b2ac940e2d093144e2508f94f94b5b5a1ce89653ac7599d467390f932306460703a67028a476de5d9086c5f71e470ec65a899e98fb3db0ffb3888caf6c3e377dc8791aedb34446ce547a8cbfe1e43d0ff00dd91dcccfb116637df6bde8a248d7e7e94386ab51f274f49971fc5222ad1ff0053f063747a8e2ea60c907d843df4bfed6330bac4c92ec6917789227f6b49da317693443c11f2c9fdccee51c4e2ca2e8ea239c4e68ea9d5165391659d43ac3959dc4995238c8e9b1468a355e10dfb57d4423f22ddf9da8a1a2b6b2488b679388e2533b9f81a451e0bdacbb15896fc242c4ce9b144e274ce3147181c6252291c4af64a54750e4cb6c8d88cccaa1f73f2233e6774e3399970a48cabfbaf68bac9131c8e461fb76bda3f70fb0d5ef24347aa3ad1c8f41c5cf2673a5909c27c4a944c793b9d56750ea1d439966a322c389cd47fb197365c4a7896a2782387478a70109f622655ca06b21d3d5e581f8df17f9a062ff09a87492d27dd125e368f693517fdc43f2633f265ff0023dbb96ce5239176389c0e084a27c8544ec728971290d16721487262722defaeff00afb97d442d96ec48a28a38928b231ada91e37a388e0ce2c50651456d691ccea1c996d965b2ce4c6e454ce9b674a445345d1c90f3c50f568f8a1e791d59b2319488e11624702ab69f79137f83f2595721d4626bb3b9e5e35513f1b6295c22e2fb2317dab6efb47c92dae88f7450d1eb3db0423e86ab0e69f2c8ce6c7245ae4722cb63933aa4330f8668384b478f8d4f410e3c32c334b1ca1862d6182f07e44783d770f4b5fb7e37c5fe58183fc4657cf515a7fbb6ba24bbd9221e4992ef362decb7b26c68ee51c2c5025d8a2a84cb29148a5eed6fdcbeadfb10b6fc8b7e6750ea8a4d9dc93677dbbed45328a3beee4732c7368ea33917624514c5b722cb2c6cb6393253649b230e42d3c08e08a163470424bdacff00b6ccb2c8a3512a8d64ef9d92f1be8a5cb4c8c6fe531f85b5ed1f248fc6d17e4b2723d65ff88f40ff0044a333f9c65773c6f4514466d32391d177b2ed22acf07ffdff00d1ff0093e25d0c194fc6fa7ff6206197f6ab1f7cecd38c6798b13177c688fdc3f086be6657b6cbdaf68ed471471438a2bd8bd8cd57dfee42fa88fcfb391e4a5b726298f6bd9965eec63284559c51c10a091456dfffc4002d11010101000103030402020202030100000100110210213103204104124051506130712232136023333481ffda0008010201013f00fe49f1fe07f04fe5d9f7bf827f2ecfbdf79ffa0bfe07f9363f11ff0003fc9b1f88ff008137ff00487f986ef6f5dfc37f273f3fe7abde0b23f09fc8dfe0998e9f3fe0dff0ecddeef6b6dbd36db6db6db7aedbd36db7f873f133dd9d7e7ae757a6db6b6db6db6ff01e6c9dbfa6187f11b7dc7bf26efef3f7fc01d7cc5847e1becdc2db63d8b1d067a67b4fe0dbc4743f17b5dae5e211363bf7f6f27087b1d0757a06d97270ed039dec6c60cfe076d9e87e46326f9800c2d6d6d6d6d934c8ec5b022bd3c7797b49b7154eff00c2e4963636fe4f9e9dfa65965967f567b324fe0df1d5be23f2f7fc39d55b8abe7e3f86f9e84fe427418b2cb2cebb6f55f820c3f137f05bcc478fc9193e4882cb2c99972dd88970815830cfc5cb2efd36d9ff001fcdf11f941a632641ec6665c84650360575803b1f98d8c690ebfe03a1f9478b3daccc91a2e4478fc65084b4f6bd73de5f1d03f28b2cb3ab332479fc8476072f0fb57bf4d211f7b7c5e3f2f89dbdccccc1dff172c6ef3bbb6b30fb03bcf89b89f3eedef2f53f2b8f8eaf466667c4479ff288f79719611e874d3a2f467e3a77b6d84977b49b0e16dbd72ce896d9f9478eaf5666623cff009450bef2518ecf6b484c9e4f895d8e69e6d125bccf92defd097a87419c8f765dcb61fc83c7b999988f3fe5f249be27436e3af7953cc72102324ef26dc5019e4e473edaca28cfa98f62e2e9b3c82fb93bb1c84d8b6de877b3fc0f41b77f18f1ee6667a1e7da7b8f1d370ef08f624ded007624d8e3901765920924d86388f7644ec5986b389dae3d9b74ed3c93cdf781ac7aa2e43d173ccf29f5123d53e63d523d41f9847a665f30fe31e3dccccf43cc990f45c361de8164a8f685c847b745d31973b97154d9ef245991833717e2525ed2b71e467781d5db34cbec07642e3dee5c74b971436c774b83a0f45d6596f9b24c8e7c8bd2f507b3e7a31dad2d36d3f0ceded66667a71f365965cbb997133cf4db7a72408dded2a58ec8dc5cecc72d65d60c953c4b2ef681193bc04f124061d60649ed08478904c903b17a6613e25965e8b2cb7151db83a0f45ef961269da0761edf92ccf4e3e7a6e4f296fb9b8a36592e4aadb6ed9966c990e31ab172721d8358325ef799364d720cf30616f7c6e4691e9f7ddbc4a41af7830cb978bed59e0dc84f3d12499bd0ff00ae5997271b8a24b68c21e611f108f8b4959611725073a2e42c30feed08efd4f3ef6667a70f32e5cb97c102b06172e3a690a3b089b72e784aad99e6c13b438da90dc8ed0e3de3984733651b8a464e598c610f99ececaec3b73e58c6a6c38c77365cf33c8017e61d2e4e5afc4727e4974ee49906f9bff109d9b97a49e24c72f44ff88db724d8423bf69324d2f4dc727014befdf379b25cf106f76edf0cb96f419613f76e4731721d4f73d199e9c5c9e7be23bc006cc78b971c7b4384aadc387cb3e6e3ddb918c23e7a3613c46fb6cc20520485b46f98ececb28b1c80b93aec22173c4ed71d0ef7255cb99a1b70e4dc9d6143b4f373325dbd471ed7a6693e9a9d9b99c87bcba77bd333884da2e4837111b7f738f6831db04ef3c31db880659fab90e690be2e3baed9a487883b4a1e60d24c64d240b81dc7decccf45c836e2677e8db85cb964bb71cdef7c769f3713bcf9c871ef12f725de9e67b11daddb7a6c3f1d307cd8586f574f99d655859759617a7a97a7cf0c679a1d99e6f86e26f28c094cb35d92103bcbbe3a661a46a49fbbb1dad07251ec49df6477b4772017593b769360ed3dd8906f4c4f3ef6667a3dee3c73bbd09b973cec5e638a9b265c796f664ef71327cc28c1da4efd724fdd9d47d85d9be7a32c36593307cb29972360ce8de9f927d457fab8ff00d48719464d308126dd323b10ebde7bbda4de9f1663a5f73990a43bd990817b0476752e4e6b1cb4bd375cf63d5999e802fb3972f82f306b065ccf92f10ec49df60c84c96dc8efd3cc1f1247694ea3a592641df619d9efd36553b4c1b1dae589263de10996e2e5c38abdacc323bd978867a8c5b3af895b5bee639472c6fbf6e3ea843bddb9bf0c05e889c97e3d8f56667a084bfa86e4bb8740ef061dafbbbe4f724c608765db2c636d6d4f16bb0edb2ca65b69096db69396c3b2f43a247f721fb9e3fddcb8a5f32e1796cdec5c38fda7f779360fd5b90ec9dedb621c65c87486580f9908e3961961210648b637a262bef6667a2e5b3bf16bf36da91cd2393bb7fe4679ec31cf2d1bb2d85859b04965dcbcdde27a6de6cd9320606d6d4beebef2f3dec853b32cf3c9e6bdae6ef8b89a847a7c4743a8cf5d8c973a3664779121b6db5865e9b0ede97cfb99999e8f54d911ed031b77fd58feaeff00ab7fa87fab72024b2482c606cb3f52599258c1b65859fd41b6166583059d765c251b425dbd23beda92b6b6c23696939ed2f0c3fbb0e859674cebe9787dcccccf45efed1b05b08edda0602c3f57da7ea0832ecc83265de160e89fdd8b7dab636674482cbb49063b3ea83e63d479b878b631b2412e5c52c649f55e099fabd1f58f54f18c127eac720647206c64b2cbbc296adadadb6c3696969692de93a757ab3333d135853cc3bed1861c8e56cb90b6b6b66c9631b1b66d8977bbc6cc58471638b7da4f1035bd5f547921e25ef85f4dc7bafe8b61872e5ea613ea3b3c97ccb72755bd1f59e1c9cbd2fa939209ddbed7e2c7e643e2062c922c2c242c2c2fb4bed2fb6c9e2b7db2365f6de918757abd199e8f998ede213da396edb0ec9b627cdada9f16adb96c2379b36c9b363b4a7cc03e1802db65beafd5fb78e1e5870d6e2fcb7d37fd17fb9ecdb6dcdef9245eabf699f32c3aadf486fa87f50c9b66921939b90596459d33d89ed3a71f1d5f63333d124b2c18d3ae58443bd98edd3bdded6cb19d2cfdc4f42c65cbcf9b822a1f1edfa9f53efe68782e4eb85c7b06df4fcbfe28cb6db7235d816c388adcf9fddc976dd600be84de4bfa23a6f4e7eaf2ff00c8a3f37a1eb9cfb3d9f725965965965965965c7c7563ab333d32cb24b2cb2cb2c200b656d21e9e2eefcc8fee4df31feaef77b2c81bd6f593b1e6fa63fe2bfb7d9f53eafd9c14f2f6970d837bc5e9fa89cbbc9d166d035bd7fa83938782e3c5d58326fa13382ff7ece6e715fea5853b97a1f5439c7979fdfbf7a6fbcf1d58eacccde3dd9659d72cb2d0f16addec5833cb087cdafc10bfab6f36b6ff0077abea1c38f6f36af76f40cf4cf67d5fa9bcf0f04bac11714506f4fd5e2af15f1259734e22b73f51e7c5e4fc762e3c5dd6d0957c40df4667a47fbf67aae707fd4b11e74bd15e5c057bd9d3bb177bb96ddfa76bb7b0f1d58eacccf5ce89659ecdb6db60c9d8df9bcd9df6c0f9bb58474ed6deb73fbb976f04b85e919c43faebea72387157e2e5c9e5c95f2c110cb8c38e90fddc465035b9f2e3cc5770f8fdcf2df8c3f577b00e879be8ddf48ff7ecf5dffe37fd598741c76fa4e63c73f579f3d3bd93daef77b6db7af6b63c7563a33333eddebbd16ddf623258c167f776fddadb6b3fea1feaf5b97dbc57e63bf7975cbd3ffa9febafd773ce2713e620e849be22f47d5011f17a9eabc9954c3c41de09e876ed7d13be9a7f7ecf5dcf4dfee5ef9d076fa4e59cc1f9b4b4e9de0b1e8b96f4cf61e3ab1d1999e9f3ecf3675ee5bbd77a0176b6d1bbfeac59160ceab97d572dc2f043b7a0ef03afd4f3fbbd45f83b4476e8740d72f57fe0fda79f983b4986c1d32f1de3bb7d0b825b6e5b7d5b9c425ef317a2e721fee3a6ddfa6585da57e2d6c6effbb7a1d5f63324f4d86dbbdb6db7997a76ebdac1f37621feaeedde16efecfaaefc8261cbe91de39fae9ea72fb78aff0053df582663a7d2f03973ff005def57bf357f70769ef074ed2ede8fa6f3e405e9fa5c7d3308ebf59e09eeef4f117a4ef11df8e9b0b658f5dc7c5bd32c8cdf63ec6664b2de9859fabbb6591da635819b02c6c6ce9dba6b6b77b1b2fa83399feaf2c98df48e29d3eadcf4d3f7676bbc1f37963a7d199f72fc12eb1d8b3a6de6fa7f4f872e59cdc2e1c787a6e7a66acf30eca6c78ebf58e05f037cf5fa477d33fae9dfd83d72ef77e866fb1f7b36139685b62c8c89766f16de6cbb4ffbbb58585daed60d875dbea4ee3fd479935dbe903ed53cf4fad7b04f88ed6c479b6fa573d2e6ff0056fea5ed0fb31cdbefe1e9fa223dd2792f2d5ef7a1cbeef4c7faebf5a8712cec41d7e85d13fc1e22cb0e879f63ef7a78b4f99c9cb7f56b2d8363d3c5a4f7f1675d2d2dbbd9d33a7d4ba87ea2dc6f4147b477beb0d493b44c4c5e8b9f4fcd867bc1d787179720b9fa29c17e3e26f9be879ef04fd3d7eb5f04f88ebf42f74febd9b6ddbf7d3c74de9de3c9ec7daccf4d936cce9bb77b7f6596a5d9b219b0bb7b36d2d2eed9665eabbc97a003ade88f270ec41865f54683733b45f11311dbe957f6c79e9deef6dc3901dfb3b72f5ce400f62e462e4df41cb39a7ecebf5df1260475fa13fe4d9d37d9dfdc79f67cfb599e9a176b090e86d8321096e5a5dd917dacfb79786e5137d2fcf4fa8ffaff00fdbd4e8c4c5cff00fca7fb8f3d1e84c4f99be93ffb48e9f59f1738e8df43e5ff005ee3a9ece3e67abe7daf467daf88e8df3edfffc4002b11010002010402020300020202030000000100110203102131204112304050511361043222713360a1ffda0008010301013f00fd99f907eddfc93f6efd079bf51fb77e83f04fd11f9a7e09fa23f15fa07f04fdbbf927eddfc93af0f7fa0bfd61e17fb4e27138f1a952a54a95bd7d2781fb37f068944a2212a54a8903c0fcfa95fa21f0bfdf33b952a05c495e211dc65cbffe8144a254c7b888f2f9625a1129764e0d9b9ccc41698bcf04bff52e1fa33f2ae0d751579671b512a541a6e2dbb28812e5ec35101e3f4c4be7f2aa5795cbf3397e93f34fca7ef2bdcc8078fa4fcd3f29830891972f6bdebc03dbf8b5fad4f641f518b2e5cb8308172ab6b816c5022db7f4bf5dcb97389c4a950fb08fe53c3641be62cbdc8421cf1111816c5ae097f984b271128fa9fcacbb97ea5f8108418d21738bb8fe302ca653e26f7fa4cbb8f8908423d7e39dc12a29752ec8f80157b5313f499f7b9b908422f07e1dcb972c6710aaa944089bb17883cc398bebcaa54767f2b279dcd884210ee31fbae5cbd9dab60d886d52a52c46057306a3cca95bdcb970657e5e5dee6e42108c7ed605c717b95502e537b0954c51ea1dedd43a67adc37bd9367c86a08f72a257e43dbe44210ee31fb52a0d30cbd45208468e49ee5408d0c59630286091820f32cbe23432f8b8225c08c65f85780ec952bf19efc88420c63f6b4efdcadfd43be624a81cc0b398f7c4149db0118f31ea0cb205c4d815a21a67b8690c741f4c741ae23a391ca4714f53a9772b88fe32f3e442108c7a825d44d8e5a895b2a32d8724686a2573b54a892a0449739a844f702771e089cf138a8cbb2a03711ab8f7507d414e22ded800408152f883048e18bea6b68d72752e1d47f19f22108463d4b972e1c36cc9138f0b80ac68ee00f5040d922408b642bdc0fe408f72d4832ef88b53bd88406bb8f702a05c605a408103636388864533571f8e492aa318bb07e0be64210d9d82e040fecf8e33229970602c00e2540a8bb112e29519882d3100e2003cccbbe2001cc20d44b202f52f99455908a9c6d4c782334cb6e398435498663d4b97048409ff0024ff00cae589179972ae38b01892a304872c4adfa83b1e2f4f990843661cc09c045560d34c412a2234cc71b60012ec8b4ffa8f33e231c68b83cc4b0a9963c011c1aea18a3ccc8b62b16e7a9ea65ea5b3fe2e98e0a9ccccac9b9a78994506a21f12a5577007821a6e4f0753229a9a45dc31c6b98e18bd33129e183c4c94e88eaa3c931d5be198a27135dbcd2545361a25b0798d4656c4232d83b5f82d4b62f0f91084211625c30aee3c45b611ee619714c4b6057532cbd10e09975306ca6227a9c90a6e1930c99f39f2b6a65903d451f52a0f14caa8fa181734b59c3109ab8e5964a7f60e589c132721ba982a731e59a605dcd352e98e225fb9a6511c05b61a45ddc314e269637dcd569e21aa0d24c1c722c800f1355bcd60c4be76f5b1dcc9ea76cbf52b618b4dc5b810daefad8ea5c264b5e06e4210d82e3c4c9b877023dcc71be5815d4caeb89cdc3a99bc540e04991645460f0b2e5c33822f11cade65cee7b8112f9daeba8abd47a943dcf5c401ec807a8621d43feb531282044271730799a98db64ff10bc90c4c5e0993c5cc856e36711789dca5e0809dcaa836d3129ad82e382964704ec8c364e277dc38dba2770e267d4773721086c75326f83620d4c71be58472083732c6b920ac57dc3a8cd44ba25c1a97b0a75160d41a97706a7ca2dc183506cb9704825cb2e0cd378498422c0e60d31e798b0667d334f4809ad4e6ff00ee51d471fe4c146d99643d40e79894d912d9490e0864954c72f91cb2ada205b0c4b2a24c8e764aee059702d099690573357102cf03721086ca8578638fb765a25dcc1f4cef8954c7b97c511d4b2253027712a54af1ad965ec64d54b65c32aea5b0ca61902db318a1c45198a8c122df502e54ab426aea1a78abdfa8e5f26d8d4b972ee1772f9972ec891821d904be220b0c4f51c6b967c6e3a69ee3a6b1038a805891d4102a6be43880781b908436467318050ecb44523404538a836452a240a9f049f1ca7c5253fc88ca6226d5e478d4adf0781995af13117a2177490a49c906d8f12c3966b6b39e4ff0ea5f316997165d41e62f32e2f043262c5a2093e6d4336ae3aaa5416e2b7dc324f73e6c3327c89aa885799084360b25403dc43d4ae22474c63a633fc6431fe47167c223150a9f26e7ca7ce7c8a8644b1ee3f16504a23890c08e98cff11e98e9574c34d8e9b1d367c5eaa524a58e29299a6f05c1834d930d41e12595c112db98944cf231c55f533ff919e455f1bacbdc63b5ef7062cbd86bb8b0798b0798b326c3c884210d8ea1b0d412b98b8c6a7138fec03fb28fec4fe303fdc5b9717718b2e5c1496b067c9864c72582cf931cb8e21930cbfb3e514a9f23f90281830a802c38233a9ff255c68f73fc6b1d349f0638b292532a54ad88cbdef676bf1773721084361e3c5c47a88ce48df72ea5b2dfecb7fb17c9f3230f0c43dc6901882710c4be607112a5a432466390cb252cd505a990e2db1ce197f67c88e430c8f72c629755006213e22713fc63ee7f88fec749f4cff1b3fc6b1d348e0c44952a54a655477372108436b4608f8f712a31254a8031f0b831f323b2cb970580a1703dc5ff00f5811225cc34c5e61a410c43a8d04cdb66a606589732d2a2c65ec0f95cb8292d96c167c99f26395c323d92cfe413f92cfe4e26a55f1b9b908421b2737398675c3047c52fa8f1c3388c1a8ec4adebcc18c76a81302d956d110ba89c902c95029981c5c2a2cd4cef8205b51eaa6a3432a5cbe76af7f85977b9e04210d86bb967f220ca2164b972e59107b8e35d4a767625ec6cf97513df8e0516c0a2e36bc40e981c44953168a96133cf8a94d5c382e2acd6780f13128199615c9f4dfd1977b91dc8421b5c197065cb972e5cb9cca81e44bf30be599775e1816c0b62d150ee036541ad82116a02f31aa8b706a6b3687805a12a55ccf4d393f01dcf02108789bdef7e7645f1256c16d47f84c8a53c34ca2e1c1161153920df2f6c1d968e255bcc50288abd4a0ee2dcd56df0c7fec40df32943ef7b773c08421e17065cbf1afa2fcf128b816ccbb770b688005458ec364b6b88365c502d9f2568f72eb88b5dc55d99a9df861ff620db5bea94dfdef7b9b908421e35f671b92a3e016d478e2624cbb77d22db8c5dc6b88350409f15e5941158b0d99aa527861ca40e3666a965fdef7b91d884210f2bfbefc74cee76cae26a14ef814118f85cd32cb66597352ed8be0cd5e69952a54d22db87508cc8b13ef773721084197e352bf0f4f816043926a94ec16d4eb88bb11db268835881179835161b1c45a2e2abcc7bdf4bdc0e3c322b24fb5ebc0f021060c1f0b84b97b11af0b97f563d43820d4d52c1db4cb63388b3d461336c0ff702a76cbd82554c943822af2f129790f0d2f73d6d7b6a9597daf5e0780ec421b12a54b0964ee75b5478fbb078a8f50ea6aaa86da472b3dc79d98ca99f612a0731254b970ee52e5cf50a0a26a14a6fa3db178972e5cd6391fb5e98ee78108421b8d4ee54a212d25eddca83f669945cf5078990273b697b86eca2544ffc82543862efcad1131ba2ecee1b6b1c8efa276c5e3c358e0fb5e9f03c084210d86a5dc4dc36a2752e30fb02809ea0cc9a2e2db734dec877bbb5cef508dd4ee54a89115e2025ff00b86daa597be8fb8f0477d6e43edcbaf23721086d72e1b352e0c6f7b83e5efc4ee13d43a9abd1b61dc3761b1ffc8ffebc48c61b6a74efa5d3b909add1e479e5d787af121086cc377623d78fffc4003910000101030a0308010206030000000000010002101112202130314041516061033250132242526270718191a1b1041423337282a2c1d1ffda0008010100083f01d4beaea5beaeddd843a87ab577cf52f56aef4dfc5cfd5abbd3d4bcbabb6b91bb1aa19eaedab0fb8db6aef57508c1db6aef51ea5e91abb73d4b6d5dbf51dd0c06addba96fabbd27a96fabbd27a9469361d0a7a4edadc69bf9d5deaea5e9d5c7cc98a4268410b115151510a2ea3a47a7571fa518359296a5a94106823031450b13288f98211a147e9026192e529a6bed768516ff002a90996ca968b4e970c94b5422c2142a1163ec23dd4d20d0a2d5145a52c294a2a2146afd3abd81cffbafcbe1365bcaa542aa2a53a2a3362ea1140fe510cfd3a4feaeef7e552bbc545b0bbc558a342687351abcfd2916181998be2e36ba0a4a8151b9426070985c697c28b5a4c08322886851d2d8e4e23ec515428dab99d170ba0226870a81826877dbfdb58e384f145e802a0a08d0ad7db3bc0293acd9f1f791ad15e429081820f90a4d49e66f59b3cec528da8171a916576ce16856358b853521a79b05275ab60868f954be2aedb8abb7e2afe69b5fcdb48f1bb496efe659a69b176cc26f8bc16590b0afc9e1326d51a5f418a80a86b9dbb75d33cc02e2b65af9505c431624a6cc191692b85fd867fe570f899fc530086ec2705d885d9290b858874b6a952da5dab6bb56976cd2edbf44db72e1ae9964401826981069c149954414becf85e55da29614b0a5b2a2caa141495217665160c10c94267aa6f18ff545873734232704d3122020e8435f8c02269262e8bc00a01402822c292a4152489b151750a40526852152a254b298e241a0b8e3bf985c28c495438b6050871193a34f51cd362960a92a42ecd48525492a954a8ba5296a5841b0a5a941f050414a687c26788d044c54550870d93f6bb03f94780da90d8fa5de8fc2220a3e2d7f9f74a2e15d2916d45d1750a4a913034a58510a3ec06d42fcdf428a6a98a6f0a07b01e18c51bf51da41788d27d801fe2534822e158669c6a1b5e114fb02d629bfca2ec2e4679e50b87ca1712d347b04ddb814d608dd83f042c5047d83f18e529b660de4b1c5c6ea1639a6a9dd717f085007b0839d8fd9316e48d085c8b85a8a611a5af61b678b88b51110862ac4cf2e6991ece609a66c4ca1ecd959fb19bd717079f6377ba030c3d8cdee811f652df65f6d445c4a96a5c3e576a132d843abfa6e25c51d1b95262a5265b826db2a28be5f75532722ac5151ea7b576534f433d25a285962cea22a2ac2826a9670d9354349934e5d476d3f1ae0e06c58e82cb45da765d99fbb84504c981d9716dc0f5c3d2855046f4cb863728a8f4fdfae0e82cab116a9185c0ba34f4fdf4e0bb043f1d377d046bcd5958dd9bb0987c6863d38d50ab1752ecd6dad0d49abc08bb171cba5edd7838cc37937733cf45dba919f058f5a3d336eb05c27847a9e1a305e04d3305ffc57337d2e8f4fc1e2a4d9d1cce0a3336450719d17450ba0a98f59358668b91ac284d84d87cbb32e3581142f86e31e8e119a119a2ee2e81d05e50ef2b894690a08d10c67045d07334b334a1791a0bc37635a27099e6105952b32f2a0a4a9084d38a0db821ec692bd488a4cd83cbc2222ea5464c940ca76d7121c35e6d545c14534fd9c111035a66878b90d482cc67046af34045424fc26b064747284d377db438c4cd152267da66ea2b823345f76d0dbcd282099fc3d8e151b94d32b09c6c88643bc2c2cfa10ea63af970109e16698b31e8c1e753951745042619bd9e2b1cb436f7d1d3ad42c4c945940c14b4d52a30416f34d8343efd14550466c14117117568283a445324b2a592119984561a5237708d51ac0a1712e05d19d9d1ec21d5e11eba669b9c1d050bb9d047a504dd2dd5899994c3316559a236ad1d54216a6949fca1421e6ab283f2736c82165a1f6e822fd151770d93018a0e92b358035519fbae1429c135c36a70a7406dd0c38850b9b4d80a31403a2a2f16b46098b028bf6ab838b85a687fc3da1de4541409298e6c609b261bf483d2823506ec2714c588928133dbff57171f9af29ae51c9ff00afc280fce97b36946d062998c98c694d9a58584503a6a2a3796799ba9f314c0832267d57f83c4851076333266707812a0a1cd4c3498bf9f05153870c4dca94368d735fdc6e969e30ef348c5029afcade13e2e38d017ecb0cf58378528dad18d4f8dbef35373a10e7928da2b1ae461e2d4d18b4ddaf9582cccd333192e34c50e5d361414142b8b8ada1f9a96b9387de338e68d84ae1721e71955f08525308229be63fa3c2d9e676660b2a1e6c43974a426c519e6acbbccdd4f8b89de33ff2b3e19aae56334c8a712828fd2e2ffab394dcc8a9f589a690531f8eac28e8e678787e0ff9351e634a1609fba38feab03489e17f15dd605304c72014142c56b49bb277aea9ab5d9bb3761d54dec3a330a85445d1466c26ed507fc59a916c28f95c7a4c2d4696706a7342565b26cc96022296d70e85820f2ff554fcb8dafc90d35050bc8b4d01642a834b8a6530564613301493920d4a6e160c571bbacf910b1141c66ef53b14166261c34945454669982ee6ce153f68d67983ec6734c51299826045aa1911c11410467faea7d256cb69b9a2e3a5a088353151afc789deac0873334871e443f45c3e66933854977aaa7266a0634dcc556fa0a0f0e2ec6ac788a16010ad168468632dd0eeb011ba41d999b9de21a020a13838cc8284e0eda7796815c5713f085c8e2830a0022560695f751f7a544f82857646762df78d6b4680b8b633c81628d7fa9d92333ea77df4b1d2a25146aa372f3182182359e6a4a1e214d79a02e10268b51312717999bcfcdfbbcce17f3566fb09c6f3e411aec995e80857336b54b4b0183c235d98b8074546a36eab0a935667e4666660f2a155ea92b215bcede4b84c169bfd973f15b4d5acd05142c13b7ba47a48eac109b9f7abbcdc4ffb71ace17f518fd5492c8c495fc273e3c45c361a6da4df04b30c519dbdd4549d2a1cd5b33264577aabd930619b7742818ae1892354c142e4cb8d882f50aec815956b4e641238b67cae29efc2c7e744fdaf674cb2e182f50aef4ac992e0855710890c5001c5463d9350fa45170c5794c67ed3b7a88f5437c85e7d42bb6593158cf3376ec10619648c764cd12d981f99b989dbdda1d58f4708a260852ede7e751900a289a96b942e30a5b148db25c1e0ff004f879f8932cf210dcede6eeecf520afc2e39b4879a0822e13dba41c0aa61f2a5b618f2c685165b10852a318081766ecd7984dddd969885445137239ccca8adf92bd66ae33b27e3184fde665a4bffc40028100101010100020202010501010101010001001121314110516171812030405091a1b160c1d1ffda0008010100011e10ff00447fbddb6eff00418c7a843f4324e64e7882cd3964dc73cfd40e1b64967c241f193c23c1fd1b2cf9e91f1ef84fc167c1bf0ec187c6fcfe139f0bdc3e04beacd8d94bef760dcd08e7eb9fe01feb4ff4bb6dbfda60af2a43e1820dd15fa6d9f8cf8dd0ef9f82594f367b1d2c635ba677ff00218468196cfaf84973c9b20bc181ed9f05dec17677384333e063a473cbdb8b662ff6493b762f2fec1ffe7b6df8cb3fb80ddfa12fac6d143e33f92ccb3e1ddc951f80b9006a5b0af926f387ce7c9649659660c7c3a1d20f649241f19a46ff0040b2d9edf8cf8517de8e7ea7404313edff00f98db7fa33fc1524e1ff00a5e8a9d3202ee4165bbcb49c99e1b18fc377e0983c4b6cb9e76c2e622f8d254e1e7ea063e0cf25b2e0c58fdf279de8f66c74d4997e49f8cf84fa724892f19f080ee67e678ff1140a60a47faf4b1f27ff0088db7fa33fc65c0bc0d9d524e8165e2e6f4b67e1c8c27e53e174c97ebb2e1db71c91934c9dc200d4d37d6c6fb020b1131c1f25c7864e321dcb24830911f2e48f204391dbc3cb8b67f43f1b18c9f4cbf7dfc4fe3dc6c5d48ff2eda489fa12ad5b16c6c3717ffc36dbf3967f961de8265189f249a30f8dfe8edfa21c97626df7a059e9d3ec9f20b8c8be38fa6c4680fc11a7344fd74b32c0960f837563177e180ce61be6ec8bef3e5f27c64db8f4bd71cb7a09f3c67967fc646c8c906f5848ee41b19a51663f0c587f424e7ffc06db6ffa4741f0103e17b90ab925fc2fcbf09a19c813c623f70f7007d24cf78027ab789a83ebeac8a9afdfc70bcf267ec91f8dd70f8c2364d20c2ef8d91f4d9cebb6cbd321d934ed978f47c374ef9fbbbc0f3f24783e0f2fc61bb92974cd972a9ea77a628bfc2f3fadf3feef672a7f44e59fe94ff8e3fb02c93bbf8f8d6e13f0ff0043de49dc536cf8737c7af8cb26765d7274aeb9ecb3e51fc93a59fd193e787cecdafc727e32d275b73e35de186b7e7cfec5f3fe90ff00137e7220c8b5ff0052ef7ec7fce4dbd67e1f877907f43d2d3433af8b764961c5d157384d9277b648d973e504c80006e1e3592cf86d665179db7211db3f49197ecb3e946e9e66db61de26370e0e3e60a21e739b0b01783b924a3a9f977656b885ff00bdff007ddf8cf95c1b7ae36b5d8787fa73c92b4f9613d9aca5edb7e3362c892cf329659af7e7d9f0bf09df38db6ebf09b782fabb277afc369b8a1fb673d77f242f547273447e3076cc9b0b9e9efd5e4e1774f830726415e41863a961af38fdcb88413be40ffc3faf481ff7fe90fef6fc67f5ac2eb602e11e0ff4e4300d0e5bfb65f391e5dfe827fa77e0f84e77aa6e67ab3fa32ceef861fe86ed96ca6f8d93e1efc1c2ddf0cea75e41ce36487db6e71760d31b3277c6fc66cf1cfb828ef14ffec938988cff0092923e1adab63630bfd776df9c8fec34a0fbdb474392d3fd3e81af83b6d19d4ef8deb3c3907f437b7e5f80fa618f8c3770dfbb226db7e1f95f1f0976d86efbf8f13969f3bfd036c36ca1d7f52ec6213cd03fa58765801bf82cf930f9fbbcbfd5efce59fdb5c2737b166204b93fd3eccea373f86ebd5a6e33c58786424dbfd1e1bc9f0311f3e9b6e7c31bd9f3cf832e5bf3977e7dfcbdb5b2cb2cb2071cb37cf193ce3db41de32157cc34441c06f8dd8606ee01be7d7f5ae0cc5e3fea37e73fbd884494586111605cdff41a5a5b6dab5b19ee7d24308a3c978c6012fc6e47cadbf244daf7fa0900fe8064f80f85b4f8d8dd7e0deca43f4f2d56d48754c9f04964cc26e867dec224a9608911737580003c001fd6b564aaff00b5db466596d49971b43af2c07e1b1393827dc11d8f47fc7db4f86dab5f18da82cb0b3e5e3fe2850c7ce4ae7023e34c3e4e7c7977c7c98708cb09e917632df90f8c82f19f06c2ef2c0ef96321f81ef39365b90b8807c3f260e78d824192423b9d801cd25330b9e507cc1806ee01fd6b144eeffa1df9cf83fbeb82c2673127ace93728ca0163331a9019e7ac7396de1d3fb9b6fc316db6b6b75b1b2cb2c3fb69e282b3ff004824150df33c3f9b7fa3673e3d32fa736d7e87bf1b1f047c7dc7cb6fc3c98b313013ded8e7dc1d7491d2c8f2f260f8c97330d87ecb6dfe1b65b7653194c2011de43f84565b162c7c156ac1564e0aff009bb6ff008eb1c553f1921f242aa84a198481f0cb2c163752279b1c9c4807ac04d3e76d2d2df8d6d6d6c6c6c82cb0b0ff000bf7fc0fe524755eca2189274fc5be31c966d7372d3e0b04c8cbda65a1f1b0db1f1966bf2e16cea73e0f789bf504c719ef3e03cdccd3e1b1f764eef3237c26fe6c7a3658cc99a9ee038dcaf0c7c90bf84416363f262c4e04788cc53fcadb7e33e4ff0015e38eabfd0e5446c2d8866e76063c9693e88c349a6e36b76c6cb2cb0b0b9fe36fc9b62cfb0410c94fa3eed1b5b1913b2b285a3696e99be2db496194cd861c74ea43a4b2fe9b4f4dbe3a4b692e268b6cb9e1878a8f9f31287986f1acbf65a34ba3a7bf242631a9b6e4cc67911f8d4775f81f8090ccec0aa07fafc182ac73b04f37e4ff001f3fcb3a61616731a95829fad82a642e833907ee0a5904f3649757fc6d252c5b6dadafc63636596455c00b2d051dde9015a3c0439b0071c3d1f240540fb184002fd4b6643edf16456df7bc6c3708f847605c513c73460a75139398ece1eda9d47182bef7ea499ae491c5efd4298a26d985fa65ce9b2fd6edb92c038cbb6d8ca4b33827fec2228afd9b289a68cba0afe22e1b7135f0c3d4c9038dc2d0eda4bf4c2875d97d9c63dd6fe1494ed83c887dcb863a7dc39035ef63a8741ffea67f57833749f7255bfe016db6ff009cb6caf50a9dba80243001f1c30891f560185ce4300f95476ff6f4b4b4b4b6db5b5f9c6cb2cb2c2c3fb091e29afe93a1948d47c411c84ea078bcf103a057ce9c60e29facce32eff1538ca0c0620bc9772e1e8f126458bb3f7117457a43ecf4e25e48d802759b222981f295c8e2e5e5f4d99d283c4584dc69c3ded8ee69f4bdb0f339cdeeb2be8388a3cd80472be47b962ef63cc0f50d3bfd88f721135cdf2bb90c85ebbf46cc8873efce43186ddf2f25936134656f94771759a01efef9923027c9af9b08037c3bbd8c261d734e648606340f3211e2cfb492504dfb190713b279c23c31db0703b3a9e6fa5f361dc0305dd4df66d8d053f7f71e212718c617bcf612e9a466cf0dc1f10bd0453c9ec9e1a9c3addb8e9fd7f0674e7b92ed3fbfbfe76da5b6ad965831fd2b832b3a6c1c464601b031f3b4c865d084b7e75b5b5bb6365965965967f86d89427e00124d537331ea4acc181a1e73d4f647d664914d013dba5d81881dd8934678c1f509263b9d53c4b1447d96c8baf9cc9ef3133d44562050187be59106270df70144c971f65a1dee4b173847c1afa5b4f35b2d7600c15b80a43c0be2d7dbb06e888003687a4d9db75efd48e2a41dc478ec340732d2e3efd9b22f5d53ce616d3077ed176e1a4fa45bc034ddc1b1a098688c601c014f0b38771fa76740c07c0eb0788d1f543e6107caea4b754dfad124a2fd7d36744e6eae605ab0bce3b8c890a8e29bad9fb507faf1891a571630266ff6f7fbe7f688fe9db6d7e423fa543cd99c9c972a8cb372f546161849cb883248d7c232c253083b65965961fe66cb1e29abe93a0c801becd1c588783f5b68f1190b9c44e7dec41c331e4f70b839ba77dc79a2a772d57bd7d368eaeeb338dcf757c42e02a79df765c1f64a20e72aebbcc5d23d7c9f4fab03c7490f11e91f1b5a23090e5962131e8836a0988efa83acd986ce1c7bedb7f2267db92b1537eb7640e22b049d8ef74903d4e77ea53d1e9df301754fc8b6b1e3b0960a2f7b061d3a4971c32d845a3cb9e64eb513e9277d011fb390cc0dd0380752965003002c7c9ab56b30dcd9d3a4743faf63fcedb6dbad9f19fd07f4a879bb3a7b5b4793dc91d945c6074180d0ef7d7894080b9bc800e7f97b6962c7cb5b5b56c6c6cb19effe28443a223e1b044420b14fc83c4ab52c66a23ec671a640f775251504ef9e72671703c8fab60974e83b314150347332d50f2e79675f29907efbf5b19af9258bcc23c56be43899db52d913bae423c76590ed4345f1963823bc8e813cb311323e1f3158a6c354438e1ee45d45953a67e4ec87393bd1f36c8b866c208f1f3d25e6aac68c34580af8d0940f1e7bc810379ccec8069d1ecd2a1f606667807ecf832c2c2c2c3e08bdb358e067f49fe29fd9db6d6cb3fbca10973bf520c9625e4219ae3eec2a2c751384a3c72543a25a9c6120273fbfb69696969f1adadaddbb63636596585859fd2e2041ad3c278d31034cfc8901cd919119dcf2922cd5c20e09fd1b010fe64bd4d5f649474cb20067d4e1e1674479f4c36e3a4df6cab1e2c126c93cf81b60160b046093be7a66b75cd921548ba777d2c7a83c3c879b4a2b0e738c12ac0383c900c4965987df6ce5d41e3d4a1df07e3c41a8007a7dc6f2ff0023c47d677db91a40f1660eb204ef973022c4f0a71260355dd80000c0303fb0362e0b600ff60ff1f4b6df8080feeeda5b2dd93f307080b02c43ca7dc00f08238b3492904985c363e74b4b4fe86dadadaddb1b2cb2cb080b0b0ff007c28e2d47009287550fabc9bb200ac85cb4dc640843513b244e5e4af44ebd3bf528d50c3bf899b4d0f7f724746c91924a4997221969d6cb3840627d0c4de08a7a3dc9f1279dc881181e92e80a3bef247822ceb88b246a92c3ee414137b03375d3bc2110d5b011d77ea00e8aacb8a1ab1d198a3b8ce0e74fa6ca34ee89887afeb640c2884433fcbd3e7ad9059fdcdb6db5f80b278305dbe362d2d2c8c2034b01a43453dddb2db59594e3f30a976c6c6c6cb2cb2c2c3fcc55154cda5040e3bc496d24f5aca3d8b0cc41f5d92ee6fe60b7d30c603b0f1d2c311c9c9ebc844d1dbbda00759362498aca8fc4c4b91f8d43f32ebf5b0edca0c8069ef1e3f33a384a3cd348fa21701cc60df3e3db0ba45f4b002a00773ea01c706d8b2705fd481e01b11a3c612c71c650f89f636fa68efbb07154f3ac65dbcefd78000030381fd85c24ddb5cefb8407f8fa5b6dd6cb2c3e4fecedb6dd6cf9e5b2846dc2742403b23903031d2de67dd90e484361aed8584f861bfcff00c8db4b4b4b4b6db6d6d6d6d6eddb1b1643e6faa6f80beaafa69f48df84a16c5a024a261c7dc5710806e4a8f3e3feab39344a863c64932c8697f31312a1859a87e624d38c3c87b8ef0c65ec6edfc7c81fcb386c86f63c27d900dd41a6c3ad191c62ab22a199f59e244029562a247e164b4f38fa8d3a87e18cb5747c1961e70d800df30aa023f7b23835d5e1e7663e843fd93c233a46f7eb6ca1fe16da5b6fc0587f776db7e32cb0f8d2db6d6093608ec67f4b012d18fa251df9e410df5b130cf958eed3fd3b6969696962c58b6db6db5b5b5b5bb76c6c6cb2cb2cb2c2c2c2c3fb6ff86a14dc772d0e1ae6f424332fe88e8c94004aa8c0272d45fe623663d92746281fb824e6c9330e5b709b23aa1642a705c3f56691d3763e85d0d9803f98d3d4146faf33d3bdcb5264f9dc7dfca3b3f5c595a4a137581302d8a460b497d70bf597d12fd3fea8888760180fc6da5a5a58f93525325aa55fd6cb01fef6db6dad9059fdbdb4b6df80b20f9db6df8c6cb0febdc92796448e49473b24360818d252cee5d096cb765636cb1b2c6cb2cb2cb2c2c2c2c3fca3adac1f3a2bc7238d0c507426cdea76175aaa2e280e9e8b0fa0b2de297507490505257a39049dfdf64f0027e124fcff00ca5e28dfd241c451844a5d5482f1af1993dab04f630c3a27e32e477096b839bee750704187bc1bcd59a14d60444713a67a88f43c7f52d26484185c55707301981fcacc286e3bd6781b410f267c9ab5b56b76c6c6d5af861f264938916d909fdadb6df8c820feeedad9059645b696dbf19659fd95c1656a4af640be726675d261e2327273237443407c33e518e2c07bb0659f19fea5c56a887e4234aea92fdaec1c7a97673896734cc834d113f241c5a3e75c8128e63cc75603c65f96eaf2a1e9c6165c1dc451e469a8c3eb49c1ba8fd64288fe53e1b3a2e8c0457437d9d9c262fe6c5cd480d406f86502813eadbce7fc251d06a67825475520de62750e0b20ea1f78b2de4322a0368080fe42664688862243264989f19b113bde083a9a5b3c38c17787f2f885b2d8eb9d9506df009ad8b0b161fda61ae12e36ee1677fa77e37e01820b3fa0feadb6db5f8cb20f9db6d6ed9659fde15d98564a725ac91c5b3c6e6ce828e4610a1e739ead77be6dd746520273fd603a7008bfb323dca0fc2791620858f5db0c1a884e31475c3bd8044464b71043434cfd152190510fc05abc46c2b80e43ae0e1de9e61bc23389a2309de0c6c743253b424c3fcaac1bb9fd3e4a8e1f9c0761e3a33aa66c0870f3ecd831c5ff000c3505f499db2354fd1605e5c3c80cb22e5eebc275c07580b37b1ec4d0a3f997bdb8031dd9feeb6c81e5d39cb6df8c82083fb3b6db6fc659641f3a5b6dac0c1059fded2db7e1f8d86e0b0b850ee821d60e84fc1068878854db2c04addb61e58549935ff374b4fe818f935b5b5b5b5bb631a7012afda1a10304301fbd835d40df191a0833636265a0e390df0f651bcdc84c81ac8e75959c612cf191ec61879ecb39ac64229fa64445c924d05f1d87d074cd4e9218209e50bc9b63cca307e083f6187ab172823ec857a217b0a5b208fd3c845344f24728fb03387c6cc4104c51fa4fede969f050248eda28459d9c2cfecedb6db6fc07c67f46db6dafc65967f7b6db5b5b2cb3e5f02183e72a9b58452409ed6351fa9e9bf2c1d2d367f5e969696969696969696db6dadadadadadaddbb6363636365965963e1858587f4a978a95ec4e9bc202f01e927ef5c8f382fe960a1c0c325ef6cc83d437240e1b220d81cd4ec0b7999d8684294c295bcdc917a36f8c10f0a4a0e07e6039bc85299a3b72799d9ab8120dfa849b92de58bda13b5bc7208062a05af0ce88338e40ff4215b56b6b6bf18d8d8d8c8c35ed9bb72e4f9db6df8d7e72cb2cf9db6db6df8cb2cb3fbbb6dadb659659fd3a5a4e585c93e3b34267df9b4c25227364019366b6b2736f176eddb1b1b1b1b56ad596596596585858405859fe3f38d480fd3d01040ef87d64d4733250a9d2cd6683517637b865884416e27239ccd62274d0ec1079a7c103a9cf509c4fd4efd249d7206e920725448c503228b5819c620de889fa6014d51d365223807b1dcb77107f2eb658585858587f61e118363c4610903e320b2cb23fa34b6db5b581820b0ff000b2cb20fe9db4b6d6ec8ac162c2ceed85854fb93a889724853efb1f7fb80187cb00bc1fe4edb6969696962d2c58b162c5bf0db6db5b591741469e8b89c5f4c6df97b7f377a13ed224d05dfa3d4288218d4b536c6d7a91c72642ce91b203dceff00ecf4e0c30f6fd6c35318487501cf32f3c73d190bd4f1e79686442188e7e6d099e2ea89c3cc1143c7a8a6dc2146c898c03a09c63cb77d9f827fbf333ac29bbd8b3360c3fa36db6db6df8c6cb20f83fb5b6db6dbf1965911fd1b6db6bf1965967f5ae0b2a0110db618441682da7650b49f3914c6731ab5b6d6d6d6d6d6d6d6d6d6d6d6d6d6d6eddbb76ed8d8d8d8d8d8d965965965965961616161616119221e29b8fa323f2138901edc5c4fb8880f33ccac0171efd449a710d18ae7d67ab887c23785cd8f1c08ece723c5b0bb9dfbdb7bdeb195e79ff9663cd30df33b3c33a7d30e1a1000814fb20ea2eb9799b9af49ce619cb579fcc26e1d62b30d3a2a799c899866e6c7f8663fbfe4c1dd3633bb08def66435b6d7e0182cb20fededb6db6dbf1965967f56969f1add82c82cfee3c73157d5e1fdc351357bf176eeca60c3b610120c01616161659616165cff00478f3074ce8c47a2f88609320fd5e6c28874fa8553c119d339a5c785e1861e17948e4811963eee9f8f579b19386b250cfe4cbcf0fd12cf1ac95c423c44d1874867790c41377bb3927466ae588d8a2cd99c3abf88a0680c05d1257841eb8723c1105c4f08ff007d35839d23a29d24870b0fededb6db6dbf393872118484b7e76d2d2db6d6c6082c3fab7faf6d2c5b6b2868a7b95008c4bee18921ca30040ff66f081de5db89c57afa72b30707e48457c72000e7803dadcff194485e903bccd8208fb101b23fb2cc16204624009ba3e37c93d6e12a73e33c2e73c1f76083c67bf3b1c78eeca6055fa3c4440221e7db2b112001f2ca7b83e0b07305801c3fbcf86107194cdb985802733bf3b6db6db6db6fc65965901fd2eddf825a968f89761f8323fa43fd8db6db7e31b2cb3e3370950db22c4a1642db6c1ff687987fefecc6031e7ec4eab3023bc48a8c4dd419f0bc524046208818c7136320160333ea00c401cf5ee1b9bc57635faf313d38d99ce7ddba0601c7ee511e5c9581a9c2e500a1d73dc309579c3859e39775f03fe02c25eec80c84156048b650c6dbb76cb2cb2cfec6da5b6db6fc65858b1f16624a8328e64e9a9f149d583f6415e3090d8f9d7e31b2cb3faf618efdc10c3c9793f05e97d475ad8c7e2dff0066f6d3f5ec80ba0eccf19ad8f21840f32310d3b0074820d2076c5399b07b6340714f10df07e675e1461ae6efb20d09d3a5afaa3a99ead773f20482240e8277216a8035652103d67fd24600cdcebfdcdfe9f0cb34c9df59d658a2128eff00676d3fab1b2c80b0fed209921758013159c14d94cb6b82490f186798c1ac814829fdb5c1b8b1a6e78483ceda721de3123fda2cf5981ffa5e663cf368309ac02088de1748dcdf643bcf6fab371863d7cfa87baade2e9e3cc824b5317cf6188e1f4db06900a69c61df430f2bc9d2829d04d23ce8f44e236240046400d35fcbfe13de7c090d3f7b0010d396db6db6db6fc659659647f676d2db6db6df81b2cb2c1c6f7b21325910ec2dde7965031fdbcaa5324184c9f725b844245b017fda3c1fb42c381e0190eceb3d164790f8efae691d3bc81e20cee76353a409df10a7a77cfee00b868f9187274134fa830123cbbeccc610c14c309200557dfa98d138337eacfb157ee0e1f4c9707f47f861139281351fb9f0f8cb3e708cfec6db6db6db6db690ec104161fd011f1b1eed793dc307ca699257721867f71d90c6cc43ea574fbf1734ba15816993effb5bfea9633ec4fbbf7c93cc005ef33b26a3b91bef8c7937c300117a1b743085087d90bbe146300164d70773148026389e07c2477a1f3e3eae814720abba648c30b8fb3cdd101cdd07cce34577f3e48260c1a9700fc1fd8dfecaca2c42581990013c72db6db6db6db6db6df9cb2cb23a7e6c1f16412e186ae4838b0468d91c5844dfec6ac64c67fc11a49e8c8eeb2d64e86f2f3ff32a01ee7157fda2401e53074f1e25035181820b3a5e8c8531e1740d07ba77cc3ec33ecfa8c839a26100f78f23371def46d088e83d18c5cdee718e037b1017755d63301dfad6d222fbacdf523786af557cc422723c1fd2ff00719253682c8b992cc829df8cb2c6082cb2cb3fa8964c4f06e49da3371c96576c4161a0dbc1fd07ce96cc5afd4242d212d2dfee2e0ca1d9af242024a2b73e42dc2b8f7611708f07fb3585f6d8c8919911d3e0382138b9a89e9f706681099ed4b0bcd80185f242bc752e1d5dd2000ce6f4fc32704304dd9e1afbf79247d27bfcc2d8831d17c429bd2e661e604720e0cf7fe12e1758308e8d9903424c39fe0bc23045275beb631c8c437b6437667c1bd927512f259feeec30febfa0f858292e56a7589ea961f0c35843924b70b43fb6b0b0afd105373b0807dc41c55083800d7cdab573bc8c3bb1e0ff0066b9fdabf06eee6f3ea0eb06104078ee49e351cf3f7019a3337a078e90181dc517cd8839c1214c0ebbb1aa999f5fb99d33101f3a31c3886fa3c5d6999f86fa703d8c188e6ef3dcbc344f03ef2370586e5e77fc2785d1f190561d70c0fee287964905f8b3646c4e32ee31ef63894585cc026b64669116108c261fd3b6ee7d44ff0067c252b3760424181a430fede399535f6c185820454bf71877c85a37eefafd4672c783fd9eff004d3ff5f8a7c723e9bc1083e78c8b98e3be5815fa7de41aeebf8601f48ca09a7778c6b1dd33211c13f0a4ea9bd1fafb9e20ee0ffe40281d3ba7862f8f592a398875fbcbc4581dc7ee315e09ce7d4199760fcff87c1c94b8b3c4af961f12e1df8df9db61fe840a4bb08b6db0956994c221ac30e30db6b90e52bb6fdfe635c5813a414e36db2e4cdeb2779f023c917b25cb6a760e16a8c187f5adb2074186b0fe11d70c7eaf1f87855e4c5853d02c98e96039f9c43d62a35fa5c656384fb180267539688b223d3fecd2827010ef27e49f21b1ff008f102f399f71f93a45a13be1dc82b4c7f231c000a7bf72e63e4e867924738aaf65b8f84f392c417bd125c134886f46ef8f4c0bd43f61e6c4d898989374af3e9f50e1ceeff84bb929e64439ada3cfb873bc92983c865c927948638911f242b9a440c61f9cd0965b6d96186f2427864105385bd648bf56d78c278b3982c63ac0f8492918f1975efdc880224ee859024ba43c218085061b7e76db12be8dc9c2389d38022630540fc6b832c63c477910a8d54161dc429d222ad55dd5d8013343d786fbd3e982eca3117a137513317fc492485e8b2f322388cc003ae1ea11c4747fd961fb823ff5bad9f839177705cfa8dd2eeb070d8e391be74d3ff4941e0da82290a8222a7cfd491074e7123a8e63ee5d040173af9b668e88e40738cde8c33c28bf5ee39f860e90dff084d61a60cedd9c1eda9f8651c2523347605d42732366e2d8f05081b1665051921d25e36c4f82cb025d61886c4c43af2d43d60dfea18cb62a9900d1665d58e7acef361aacac8236796423a24879248c608279603320be120a71240800e44a53c2fe752660507a8fd0e0e9c1f727ae66d9eabdcb5d570383f56a17d7a7c124d405cf2c64d6530e2039afc36714f42fdc4d689cc815f994aebf6586c836cc0f468dc72ec3febdeb3e87c5c1f9e41f199069cd6ce9f67a807d3f861404513d431be4fc7a86b87079fb823b8e741fa805d331f3cf168e003befa369443378e7659a3de692f79e7c90f3efea0039afbbb1f8dff05e13d5085c169259e3d586b261c9ccdc6caa33ab108f8db623fc7c4623b090dd918632e0db5720718037602c2f60ac16196b268460863acba4e8ecedc021f0e519c993b95e99217c436e1195f6cabed8d818e0c2f4a4378b0f3459d9bc0d4f7db21a45025e8ba63b9f761e2bc33fe43cefdc724ab83cf70b33ebb087556351bc236eb1982a6490159bc47f613b6b3df63474ef54eeddeb3dc7fe464607341fc1fec1efe009759bca5e19894dc5e4626d8d35d190df1908a9d3d6c75c43f3cd8e38f4fb800f4d31c65d10cd3c48623df24603c1e6375403bc39ee0e69e4b2888ebdd3c4050b3731cc63e59ebfc150df86063b7970604cb131cb0e2c404842a7224606fa964d003762e2f3620ec1a06d2ed4519481e933577361806c45760cdb2bb1d480b839684e90fcdc77f72d2d7b004b0cf60e901924288993d6322121121a418838fdca22a5e8eb35028e9a079967b98ae87a3ac83f67adf4580a3e1f1686935ffd7619d9d5c7087db39396d6c5b06a0fe3259889d9de3cc84a300fbf733324c565b28da9f7a79ddf9112b5c365ce9f3bfe66ff0069efe042c6b305ec88ba7d71b5c0839abe21b89b899e72317a39f7f506e61e71c80c38fd6c661a607b808444dcfdc0d3b8be184cdd36efed3f30c1cf07060d8bcffafec2e0cb7fb1e192073e161b683df50ee7b211f8778c299e3005f7928ebb908b02340675b8499c1539b1ebaeac8e5d32f15e640fe8c919bd9294b4e18af99c4e97c4108e305eb218a99244c649d238721a63cfee60764dbb2c3285ae02636e0df10239207496b2e191cb41cb504c58a669ea4328aa1af761c18844c7dc02822b88f8c945c5c49d89315b75ecf827c16c32c31cf2d81a5a3d7b70f7611013bf6428a71f5b13e4d74de23cc331150d4747e35649cf790e7483fea4b5bf33e27589399fc723d6c757df6cf10736c8d1d3a246289ba1037a3e38fdd9ce79214e9d3d9f733a671fc74b1c2a0f85f4c91dc11f0f9fdac788f7dc1a0263fbc81227bf88fec30f3fd6238b2e923bb033ac78e3374fe208ac38ca66c094cdb95220ddb5117908a0f1999adcf47c76f1c702681456751debcc9197ca4097ef847ccc53b0065e9388178171c4724924e2a6c276f08062d94b40a79249d83bc634da9b2c07b235ec83e4d9d68c02b1aa16894b26cc7d8821cec8c1c973c4c12401df1ee620c89d41c8f0a3831ce43a750c67990ae7b967b96997241b64435e78f5187bec9871879f64a6633b38dfb1cb74455fac9d412f8abc2541a002a2fd3c01a3b15dfe60a83fe5eff80f5bedc8eeb0677db61d81931ee10e9c83e0f083d9f2474869c8532a9b08bdd2076f93c58415ea79b41d04f227b83170e7bfc462988c2e1ab9f98876f35fc7f6147f5317748f16da94384b5eec23d7b110082c348f215ebead4c2d1cc6a43792f3216ec71c9849c1c7325dc7a46d47ee55719ebd6489de46064ef55c26e478928b2c32dc91516011fb8d019d21d193ed18472dc0db28bb7741f10e18f94810d6da60d8baf981047b6149b89b19aa39250c940d946092acf2fcf8b635d4d4d735856a77cf5bc3770821ac0acce71848289f509713b9a10e0be1963e1d869c1e4fab2c2584e8ca1fa6469a8cbc086e2e4855375f722686e39f4f92dec00d7dc4425ffb87f408ff00a775af77ff00d963c056ceabe7ee32e12e1b87e7231efc0f2422778fd32621ebee1f100a6ee58a8869b8f7b0a85e48144c1d13d6cf0c3c7fd96381a7d368fa47c1f9b19861e234e3c48138c2603ac97b2cbecb4f4ff420764bc1909f2b03eb224494f246e4324f97c47d736048ef7090c05181584598b9e25d5615621759eb1956b6b465c0d81cb2ea9e2443b29d18e160cec036453e44ed719179089908242203ee2218bc0ecf99f56a09ca327521ebaccbcdd8183e58b89dfb22a7a620f7c908ab21e4688cb1779b38e8cc02bb2d31b584a2788fd7850fb6d1a625565207aeb2ae6cb8e6c4cd2c078120e606587384af24eba9b21740095540480317e1803a497a650c28da70f04a3c8e441600de66bf7f038344f305e77c2c1665ff00a65c17f0c753f6bfcf651049720bc75bcbf070864d2360cbd7f57336b809b8927ade033e91c1398ffe4280e6e40791eef4855d5ebee09d81ecbc10b67c211c0ec2b9b0724c6347b92aebee620e75b322362b6c31a9318f1ec9cf5b2274f3206672c0d61a481a6e4e725bddb3cfc5b0194de48a74360f1b0ce0bbc969239764bc0973492eb061fa824603c92a888cc26c611b143bdb70f80f888e8999e27387c977b5dbd10e4c1b9e21c43f8b0f67721ea7a8185363dab89380ec826321802a42d0651be88238bd856f4b3a1848c94655eb2eb2cb3d45360300c2e4308a020b9841481c800593503be615e30fb8f7c33226e18bd13c33b79c09b6e61b92228f24005af30ec10a182792569708e1f678732ea1dd7f01159b1012510e5aaffa6589f42ffe4854a619e0989e907921be8830834e48eefe221d320777f3261df1e62d01dcd64e9a788d21df0e721708d8bc27e2417b96dd1b1006d4a642831475e76402e932836a57dc85ab65b05982787e081061ba8708520b36c2c0d4dc90e8e3dd825e1319b2c2c9474930d268c263724206c11d6d1e4896a41785dc3dda1c600ac89dcd92389280e6c025e44b423dc9d156c6bf878ec66b457214f60ddec3c9c6e2e1944183c6d1161e2c88c3c4a88737b08c95d8ca41612636a759cf30e0fe4d998c6f83b08cfb613880cb1dc8c3c76519a40e2441b1de39d8de70c92989b00e07e61706acea636238ff00111ef2f52e78c9e43773a7e498d61b80f5cf0482c80f30ef5c8d78c32285b934ec2874d80f3fd1bc6fa5ff00cb976f443b11cf316478c4111f8f4de87ea147ce8f922ccfaf21ce3d3d48df3e862311d3bcc8f047a8f24b9fc12ae4a2e8968842365dd1c9d0d203a4b7491d67697090a56d5b30b613337ac2c6103349baf4468065b206f5c249c0d0885fcf6549099c97391143b02b969f643d6542b9a323590131943636fe6064d0d22131f32391ecb5ba4d8d24916436d9cb1a6e4acdd48533eece6e4f86d10fd5cb583c324dc875b2b02726ef675bb2de65b50189e7825a6c806c3b61808bf7b70bf863087dc263e363830f50e1393925645b046039277081b82054846bb177085e3d54e24e827364203ef9b385b3be812bdc01e1ef65b9adb8db8c81559ca8bd9ad5b93b3ae6ca0b4211febdff002963ee77ff00cbb1b5c0861f935585d321790c1b09a67b9c4bc0db38bd496222f886865d3123e0782225ff0082275844ecc6c424804f092bc91bb1a25568f760cf6d9207acbef586c9e3eed8200278a560dcd9dda77266c2030fd584e9e2e213b00c5b2bbf7188849b67b93605cfb8ba3906a26267378392165038c4102e839b21890082b2cab34c4ce6435c2d1c2a631bc6396491be23bc6012031211b0a303760300931e424b0978f169e212b96fe9c841a318c80a25899e6f563d654498b0b086f0323040b7418f755ef036dc3348627b2444cb80ff00b1a638217c2e06c83df7ea750319d3a3f4ca4a631d47c36753fa59c68c3ce4b797cba91ab201f0f1c9f8f60bcbdfabb79cb202d878c2b05361bdf483696969690eff0092c7be95e1bf704a8c6e77e07bac7960e9fa8708ec49d320e45ecbc478718241f50701f390206fdc6f8e6439c888f24fafc04d398512ca1382d806c5c0d61d0dc7e0cc4d3318df9a4968939e4849a90242611e8c004006118327ae6c0673c463a4339081bdf3b2a87494aafc6ac5e49d12f0c8481c180065ec98463d776e9db706dba53422650d4564fb464e0421c18fd58663e7cc14905638a65a209a8bc8e48ebeec047f309b212e908cb0dc35d796d0be4a64739274cb002c0314e10ec2d75f72809708270fa5f72b435092b2e6ac86643d85c2476c1ac01ebb909c2520073c41b91824df478b0733ee041e093c71908711fa9539092318f339bd73ff0092a8f5ce24f0e8e9c5fb9db73c821af25bcdb6c44821725a9d6026fddcc58c38f720545e90356394145cbc87ead4c0581a1b0bb5247061a1f8dfe874af8b32a117ba43b04d99aa45888c220c2b1485f0da3fd6b3f38176123775d8e5b0eb0f733b0c6223cf9cf52624a2797a4787f5610c9887bfa870c8f24923c111e6518a04e1d8975230231381ac40832dbb176707c467ace2636e2849844e96227b97300880830e4b82cfa072611a83a9f880df84dac76f27e321b46ca76044bb80858752715cce92243d114422e7203395318069e3309e0ce6f6d3a1bf7198b85ae474fd6c0dfa08884567523dec9e4b76d9b4e4899f73ddfe269d8d09b2a7424277ac191eb91271f30b1933e79c888165d6bb753593533b28ccd9c8471b912add9a10f13a7d3679d9c502c6fb4d9eaa3e8131ba87a0f0405ac52d66844e8e6c119bc84ccdb5d77c7a817a0f2414ef9251fb23d6fa8709666bc113858a3f7eae28a10103d7d96007a06ec01d846d809db870903600f2c802c38ca94b12b099b08a90af439023d94b8c1c8b1003dcb76ac009b1e0a45ee813f3a438e972dd24b7a5be0c8ca8220e46755638765377dc0d14f133cb3705223ab010c61df16db6db3cfcc84b4b0f73e3cb1f9f259d1dc20ee91ed8c620824c0fddc66f02fe23a1fb6f12044dc83a29b069bccdcc831e3c88e4ed3127c36ce04b2db2a0c36a79be2d6b2c28f79091d130923ae42a1901676fa1301600b001c8ceace6e32478da821b3ef76f23347d4c1590d7726052571890df1eee6ab1c644edf3e66d4086aafd78b466165703ee305243b5c9f11ce4a247cb2b37ea1899048285cbd765334db23871611a1dc86330642b3a731ade7493bd2032213390b70d498513a5c5c2c5e3721010edb5b9c9ea6ca150800a4c76884ad53048b892960e1ee53441007ef24552af99c85423425ce24864547511c7f3f4e0d7eb6d11902daa9322288c998182141f8de30e268721a0be67236eb7d32cd8f1c4b560619c7edb05cb13b6abb2ec02ebdb2f3603d210db2936620c099a16f5519214920238c93586f965d319806f89619acea2acaa2223f05c6534532641548ced6f594aaac2ea690831803376457bc61827925e65aeaf598447b1602ca26b34353a439ba42fb20fb210e242a11d47fe4f83678b795e77cc73783048362b7792e3f6c3990f42c9271719043a8ec28af1edba381f9804313362e3074d8e3330d94d31de7d644798b97edba6a401c2409e1006d8ab2120d6c8c0c87724df8cd262316f0e420418611b2c188cf3afa90b01a2b8e27674dfa42013c3114840b2640bbe9686ee6c84219dd23323ea1dd8040772d1b2c3485292c0c25578c504677b8b19a0c2313dcf84b62e2187f25ce87bb761e7241e40e6e991cad18c61cb476548401f073b6e88f311b67690a0d89f82b16059f825c03d419e6be721603ae16ec4439d1f303b2820ff00d1019853a07fed9c4f076c7acd937829f61697644b974c48b1e9b0c36c0cdc9f107c8ca20b85a5dd9f0c7f3386d4f18c126c5545ce9bd868ce51a3acb4e10a8946dbfbf03eaf3d64272508730b08652c30813ad891863ee59bac3d39bb093026061e209a039b3cd44bd2392a18e4c263764338483a0caf2f98ca414ece2f2d676e404c1843dd979d9236b04408c2f0a584c506e0bb22d56f04b330bd22887e2601efc0c4f5ccdd83360d0df27c20539990874ce3e194cf1ef7f51d748f0f3b24cdcccb784a20e10e6e8c31e48d8ce2b1083084208315f9b52c2d5fb96b2d67e215cd1de48584655e1180b66480acd8902ebad63f4f5144cd8d0f64b9c6382e0f73d9003be4b14a1e3212c76c319834faf808b535907ab039a923a328b3bb90709095492de9327c30f0e64ff73b233ce42e39f881dc6e4ed151955d5f11c2c34e7122970614a8c28613aa3be64cb3563981ce411bbee04b8457be910718a14161c206ec992e64a5aeae8d9dac1ffc99531547eb095ddeb75e702ff2f076e4eb805a3548d1a6f10de44184aacc7264689bc4f0c2113c32904594db5c590e71056b036005059be0a4aea03e442d6a93a83e43ca453c269f1ccd38c91cde96b01e5f2dbe19a1b2f2983ee18c63231a4755b6761c05cb171b318cbabb26e0c8155b61aeb279de7d4a75940116af21d61a4e5a3277b609baca2b83771507612636e4958520ef823d4db84ae6ca3ac461b196c660858511eca32d858d7d24f59776dc227a96643afe321866fe63c9f024836dc183505cd75b80fd5d22f6dee1dbc0fcdc2e412d72115fcc992c0f8cb5b3672dbee4eb1b6c751f997a46401d225c36c493aaaeec693f319c4958c2407790144172d5344f3f0cebc9077c9192e0851941fea1578c31d670611e1c953ab09f2ec83365d5db121197565fdb0a75950e30b6d116030b1c81e97e64b86fe2321587360b40865d0ec9ba0408e5b89e996c840012cdf0ca3a32e8bc979d364a17b8023f50618604b104dc8d0a0a1fcab9635cd468fc47e3160fd13ab86ccf1c665069028ac63806afbc8c6a03f25a82cc70b1a484260b6b13026d809eba648c18df1df176724f4f361609ae6e3c52ddbe9c4788c97ab44cfdc7f889defda431b28771ece626e7718930c003ff00222801ba6440b7909b08c85d83bb05610d600e5b3e393909290746ddd5822636a8af2de06112fd5a1a486bb9b22858e83df363aac3a9681b03cb14c86649345ec780b01520036f19b3213345676489ec828240ae32e2eea5ade47bf8cecb1b17933ba641bd6c51de643ba7360561e99e25edfc4357f5670e7a83827f241c538de06798625d99612ccdb02ce2bb21601cfd482ec0400d2c01c8043f0b6452d687c966247ab1c7894f17b922c7634d90e9d2368c533960e6cbac05094c1ee48c761036132232c37f36aff2f63a4e0834e59bcb324d84292ccb94a90b78b618b24b12c645948c1611d8508bf4925578f89815b388f7326b2a2bc6038cf309929a207f81446c1f0efa0864fb15fe56d208e991fd064dd04f80162d403ea01479f1f820130cc32700cf04fb8c4766be60f2e760b04e78173240e93e8630240c10c4c98f7bca19a4e0d12714f224ff0092537dbbff009209a089e72639a6e4ceb01e229e275ebb91e616f9c2300bdf848389968635e04be7a44a8e4441a24ba104f0c23990a6c28caa764bb27057dcb82872c377ccc143f7199bc9f42531f046373b9045814eb362c0edb8169a8da1f3b0a4986ee16bdcf71549211fa98b8726cd8c84147c3768f31c95e9bdb166b10e1743fb84337b099b0fc0547988c73afd4f873d90d0fd4b0725a78cb35ddc63734e61d8771fb878c3f92d8565706364b2e28690ab993214ece869082f04a1ac8674db4024084cd4233bf4c419b8ca5bae6daa8b65e990c30144e3233185dc9caf023caf819892cbd21284480df727636e31daa8f7ee5b3601e64bd323b2498c83f113c437c910539292e1ed84b11d874c9da6c4133cde113607c21d3d6577ab09cd6cc6da47c1021acec609e4e6bb88e5afea06c1e200ff00e4300fbb0e5844b0765bc2c518f053cfb801df5c80e0e7dda3a75b655a3130687a59074efd3e2d434b0192d398c20106ee67dd872afd04acb371131800f682c938657af4ba6748004a6e81817a78f120399aeca73274020dae4892d5386f24e0b0a18498561a51393ae8a0cbb92af3268a08cfd1dd2fbbacbe36c1df2b079bcc915d120acc9c184139dcb253676ec83901e91e9b11277302cb6888fd425c94e90800e4d0c56e1bed94f42f69f011399ac385b5d7f8b7403dd9825a23e3eb7c788e267d58d49638fb8eb9070b586f9188c05fa89dd277059d64c32203cb52d914ed8e29087c3c360291d2b831877749612892ba12cf5615876d79bcdb83f00f4962154945c2404f4eb68904648d3b1bc7dc9ac87a5e1bfa90b4902e5d7c4600ea40c8999f14479e231252599f8674f64cf106fc000438f1e5d64d4d802c919d90ea413928760e76cef3eeefa64f665675ecefe423bbfa9ddccf53e9b043e80f83d0b26308726d0f2fa90269fbb71870927d7d45bd705e480eb9b2e9877d59585cd37dc7c00e79b01e3c480facb8971605a73ee63f59c2c000ee0c56615a9953aaab0c3cf88f51d9cf21b88c93c8c69d8c230af2375244eda958dc48181cd26128a84b1eef215e08a6bb37887491a077b624fde92fc0396e412211d18d4df3199876513109d6929a1ebc9d084ae307987dc658f36c40cbb9b350c99dc80277160fc6290b88a360c232a8a584d119c76dd59f83ac96e212ca3c02c70edf783ab043e3235d8f04718744f018dd401c88e830ddf33133f23cced9ac993cb6d64406ace85962908e413004dc9df1867b21278bc8051f8159d39c6343928b8c9cacf4c0654e2c8f38d104b1b2874842cee59a691ec64c615218e326b48538cba76dce106f525c3905e305f16076cc78c320c8f70860df126bd93863e65d936924783009388d6d47b0886c4f1fa93564cb6e936c01edd3ff002d27c0513f1d5c28c01b90c630d5c092ba737cd8290eeeb3a2223ec6d5e4ef640879f1fc59c371266bd0d62483d21422b9a389ff00224861c9e69160bd553fae18b2f357dad840e6b01ccc003f1812db8bd2cbe4e5d588c1e411c67d89206400a40004b7bacc6f5f31c86b00f53584a661e65504c4e4e319ca2d7252363bcfdb1b9ba2b679c2dbc9100f8de921bc19de69e20801c79193492e191dbe896d181ed94609d09125357cec6d00c193dcb27949aeabb650259781d95d1047864460f004f57e03e17599757e887758f39f7f51e43d11d7078430275fe2ff00d30e1fcdd39f577f20f8423c112cfde94682c1268c8af8657b1d848a89716232133480004225881fa13b71736557c32e1db1ba38c8e37a42208f27a7600a16de3cb2ae48508ca35ef893d13220c83177e202f18c41a4a3a58ce2b91a805aba4b3061a690c02eb73c4847dcfae44d3c12a718948090620d8cb2f34b75ec62764d97b6287a81211b1057272c33f8b5d76d13bf007d90e97c0173f718389ded825eefdf61a5d07a7d400c007d4bb1d0c93f713a8f0d99d7138dd6050273783dd05848628e9215dd3bb6735df8cd047cf22c45ec68b39b01f709e5119500592eb9a2afb6774eab581bd3b39361c9486de7acdac21414b07ccf31989216fd87c004d87532406ba103022baa6cb8e962cd20f60be0405180e0b926135956aab2e1c520755522915063ce4f6f19799087804a6ef263d24b05e1d873277d597421b1805f100cd3b21a08b7e7e64efc062cfc8750966c785b8390c225f4f521163d6fb461e5fb87c035f81e089e2fe03ff4883b29ecb07c965f649382591dceb9112fe220b185222db135c2379ac69d563051f12c4d024860464314b7f25e279274a10144623118436110476d67e8217b22021992bd400b274b00db1d9e9a798dcc9716d4cd97106dd36d436eb9268b00633b285c720468e43ac54e421b64d38c90ec7ab2af8656eb01271d235218f2e8eda1845efc069009c62cf18a1bd1929cf76e59786b310d3be5800410d063a2f93eb213a28bdc2120b50c233a79f32d0bdb9ee0510838af3d4c84db8f08d707c5c5946c41d13c6c8c7cf2441470ebfb67eec0a5c1633d8e4a8c7e2ececa1c85adc237e1d1e49c05f52aedfb817619324921bb19032076df2fd6b69c5c8108984808431f8cb567224eb12029f768f0549203da00a26c0e6c33c2b62ea7c3aa7ec826471b60eec18e9f8f50d0bd021d50f51e480576703f1f51d277876187dfbb850fa872f2185e43c2181f788420109d1e32689bb081962a931e880c2446028c9a1b3986f59578cb36d5e833f7cf12ea484a2c2623106e82c448f5f80507dc18a4908679ecc0bf88c436723cc93019925384a0ec6f6d082da3afd4ecf1ea40c8638fde4e4d949046d4e1082e1a599b84cc85c6391e34806cb195f24866e4ec38748d4b8ec286ce0e411c9064c732dd6521b38776dd080c6d2d3c423181c497325d7f11005fbd81f5879d832388aad97e56062c4f78ca3a1dec5308e377b648c8331d726802f3253361d933037f123a877499cd251001180f44045f3b7865ce5c4d8448376713c8636a1b3c3ee7aec3cc7bd8058a788db9033fab058178ca20c1b0843152352185891712db4792a0b13d91e4c0bc66d416d19080191f84af191d36c621d84440e4812d203e5804e3794df04a3e1ec41041dcbb0c32233181bbe8844af03c4145f6b0737decb750879e7c9f06c782c72524ea92c3dfa92caba16a636af0998840003c86d43292f87a9794b0664e5f128ccb5ec858a309c07211c12d20aa1e361d3bea0a7bc81cefa9294b006c8bc600c060868761d460de981f3fa810868c81de929d052cdc485c4246193d60e403c321e4638e89389302be719cbb18583c4f9a19278e49ddcd20e984b9c21ab65e78d219291e7618908c6077647725a139606f66bb639b75397676e8e5e190548dbbe1809ecdec5ae609dfb44e9be4203a4fe131994613de72288803d3ee2a2211e4a810fb4e33606afa78ec6a58a7ad96c4f203ff006e6d3cc1e37d470fb5817c6937200bd955705e1f441ad9f42e519e865ce479b01607c4ab05aa724020757eec39823a404c6f691e1fabcb91a311226d576338fd4becb0210bae4bd4fcf18192be1e40bd5765d8b7985836061c254917bb0e2c61c597449841b5bbf64f5227931d60dbc10e6c35d832230855c08181be3ac74e709073eb9963a0f7d4748e9cf8073488451a750a01f00201037602409003191c23e31d0e9d954d85c9576193a4abe4bb7925d699bb2b6d7bbd88f0615153cc43065bbde4dbd527f18622f408cf1202b27d11258e05d4b3f93b735960a2088e6d89494e303a0300700617c024b1dc9268832574326763a5bf0604be7677e32068ec0bb9b0321dd1b683026fdc35c1654d0844871c808c8409052c79746329639896bcd9a5a213961b878c124eb3d3b0f2fe9989e161d0e9ea230d5f2a4a3402be472c0e901e2620e28f2688cbcd750982f082cd7de83e7eec001984239924ea801aafa26d88d61f67a18e83e4fb644790c3ac63bd244e30811e4b0d6110909ec2893d209b22f611c6f2461d851d120b13ab16c2390524b92136e5939d2f3d0b3a0f496385a3c48bd2c868f6e51b3249fa4907244921ab07762134fdd8533ea4c758e1a7c0411cc8e05ec211d6231e400720c4f7f997987190e71dfbb00468723c1f021cefd4c433f770e7cadac21853b218e67894b14c83ed937cb27dd76f6eace3ad87b609f2d8977d5b5eeb0100f867434604cc651e8c27a89080edb6b22120bb93978c1114208714644e2cbbd5b4a29d8262604d164e75db3d8a966354490668c0c580d83c719c2eb239530d939c27a8e424c7d4038cff0083650d40658e030a14cb6782e42621921ca8375006a24638a48eedbf014fbb270161ce92bc886382da1c449d9e19cbb8d8b8f21dff00b26ade09b2313f921a68c798d6d1f1cf52ae1df66e4eea8f33cef203af0f90844ce48107760b3f6ecc99b6219d9735e9c7f3e4de739204b8dc1a4f4d8cca0b187b99609c61549792ab7b90c79e271232d7c300ec4c4c2065e64a9d8df2d0d8c2e1cb17b050bc9240203d21cc183600748799058f38c8890911d83592e1879489e2e927c1bf00f8df809d083a7de5b992f81ebf8ec3e321d792e86106c3910a3c87e0ba22f76e38c74d3e13e051e472ede69e086a8f924c8909b1901ec0ba16d68fa2089fc6a96ef9257ec84f65bbc6e3a36a38c30c8560dba5b0c83219b39708d32fc649f0ca4e60328eeb09d576672c83c9dc3e7607187d8f260c5e100d5096609c706d4f596e2300457251d57660c2da9e2348258dae230939793cec1c9ce134d9666840a22431d4d2c0e25808f00109622786016cb1d090764161d1c9322a1301bd867e8fb9a9d30f103d65d161e8b493c06bfb6d096686909f24a930e632d342eae8dba624e61ee5ba6ca81842090d89f70e840488e96c1dbc1c877c92cf1d893673c3063b20909b776de313c8466e1ec9be25f12a9a30a30c9bd91853b9013a420b71390cec2e65c5ec034ccd25d878261b2cb147b8fdc709d639e6dd61ae91c6f6bf88de0b619a31eafe221e05d3fcc389cf30e39121437b26169d2342d87e720d890e28c665048b52042a32064e9a5e5572166c9777c4560e17e783f73f0a1cade131c484bd95ce65b20890dea5c26439d9638433ba76186ecb7c17b7365e78601e8e48830b8f4657904907acefa25481e79086da7963602c68f6e78ddd4916c6ce76cac35e6c873586b55d9078db47ca1083cb2260ada6514fb2d762934c55d9d31640516380575c0b69f90e27e4b05184f4f21dc5811498c3e80721e2004f78f4821c76fc86001be3ea43409295f768703b3a9bee0046a85b712dbb84b38636d4d725a9bc0be88ce5a1604605e0c17aaf05503d067134679d123042ee24e86a30be42f1e975cc984496419032a723372510c74b521591d492401a421890ac9b086e9ec9e2e063bc963d6e8e4038c268bde90c692fc8fc670d83bc95cc8d6e088f0fead0470c83ef970310f0f88748f24466e1a2ff00ec6484642f0459f07267063117019da8736c1479929c6fa8da5a77b2fbfcd888b6c20ced77cfc16d97e03af615871ba00f1ee200c17c9b60e9896a7022ba067d12c62488eb70190e3eef98329d5809c21d45c841c930f1b66524f698ca39621cc6be06043a58b05f094f751941d66896c096b84c63024698ba40248e78917c1c84ee34c7d792d9e7865781b27b25c8157c013220f107c0cae7caabfcdb7425263b11e920f5de78846bb0d9ab90a82c188deab964075dece8ebdb1bde4f527cce81ff00595ac86806e3ed108b3d263666a9282299e99923d348a28486139a6c317080c51956220c08172c8e04ad1048374251d082a74824215d313e0af78cfd4cf0232f544b57865e6230cec89029d2db0b84b8901f1c8738da792429c48e6c620b29f0b1b31674f2c723e4f03b3d54f7793b1f03dcfa8bce644f4e4225f91d08e16f3f9ba7799990de1f7ac7983a433987c56c1ba44e6b19b761c6db65b6094232ce944f22390a16ee64227bb55928e90bd36cf242f81bb4f24e9886c2ee23286e1087048035249c65ce938510676425d2e9256498caa676cc1c76262362a84601659dc593e041592a2e1b05e20906f0468904d6c6c0f135e12a32bb93496784afa6fc45b08333c4785e4fac8725c74f53ad10602fd2022f1fa201a0cfbea43267d90e846f3446ddaa79d86e9ff4b1f02931a696cf227e61e71d8d3ddc844471904c59135643a8bd61766458c74d605138564efde1b2878cb13b67ca8f8be513418cbaea441325cc1b0b8acb3116477519391127375d664f6e4f33a4fb2acc1c518af2b900eac8bc641a9a481b9a483a36a4e98c0cf213e0667106d0f04b730b57826ded1650cdc617e35d91f5b0de8c207186e6290f3a32abcd63330c7dc296bc8641761580e781b78c9e23e33218f3d8860c089f81a471f8f0fe659bbe3e987133c643c45b8ef99684b83e8d9160d9e0b1121d8670c2336cbb1209902db28408e263b64d9c92f6518c9c2964792007246288478121d948c0945365312914e9b26e3cc8000ece8d2c5f25b880052d1e4b43c97a84a788ddcc763f2c979603eb213913053c107e4361e24f0c4d807419973190f0d96f0c87d8d672e2407a966d507f2c8fa4c91ecc8d5642cf959811787bedf6db3a8e7d1ee704380b5618eb07d04e0deb0fe3650713cc02c9453cfd44acc3cd2cdc16f0059a8642f1c9f44a22eb679c8feffc20701858964517d3cfd3d1b68482dc443274a40f286921e1238a007309473e7b9314233bc6488889f76634b73a76d5e43966f04846d718c95cb074202e190b413ac874582796031955149e75724f8586796478dd829fa9c833a36fc2306f461896cb95666102f46c91a00cbd89f024fa7ee0427871b05574c86385bb783e423c2cec363c117163a641f599041e23879f3e623eb39e9b1b9f528f7f07a1f4081de4084ae4335889a9089c64851b76165f81618d442275097e8a40aca6c47a4ec99c985424b321905055809c587dc596f949480aaca1a12b376ef260c1c9bd88301889183ab6478a1f925a0e1607a4403491a244aa5d33c5f9641c1ecae9b0f70378ac60eec9d45222abb3ae2b0f2a433c483500f3ac671b91dcc25b3bc3093553287ace8f776d6d403f6d9820828797d866e767323d4928355e07dacea1ccc931faeaff00db409364e887482b289dede8202c4a28644029dc810e2c8e00fe085bd6110fb7f2c0a8b5c07dada9e68028796f16a63e0d7ef19fdb3c6f93d8d97601c4e2af85c50ebe1393e5639823e7928048041eae7548e8f37da2f82f2a7a3d11e26480a1a3f65a7613320d4f08677465e6d1961b2872f1892a38400e9256127894defa583e349784186c3e98043e483710942092712078f1249db6c922296a71461f66ca99d219cd76cc075b01e1d846e8c150272e97e3c9d8cccbef21bc04c20f1eff0016f3919a27bf2cb5fc1ffb287c478cfa61c20333f30e27e64c412f1056fc0422dde4ea157277f0967a401a43090c225b2e31a2413181784c299568113ee4eb034c40e414cbf0119909e0c8f02976f764c6464911c48042de5ed93e641c4b1628cb9e08578240e10be492b9a90ab746453139b6138417a0a468cd464d15201a419f38c838ec91cb57032255181d59edf0734f2caef3488e89fbd83f5d3efdc05d675e257765861d88829557c0c846e30f13be443980a8fbc16dff00d885c16d02dcf2e1304547f9b5f0f25a879db540884d322c179c839f6c81e40bd8475001d59f3d3403ff00b2f165244d8bf683b844efdc94d387d5926a0972086f8b271e10b288bc4f0c605106d78bec21c820ad75325e4ce5f94f59e154905d4d76cdf5fa596f6dd1f6460036efe30fc92fcc938db3334230eb28c23d83608024a0e139709275250e2325065425a41de90b6d2690852f6ce1d278c11b9d9c8e939b89c92273d08b0bd983740d65d725f83bb3c14f87c079c9ff00ebf027c1ecf7b0c03c610e00474dcf5f07b91e8851efb86041e183c4792420fde7fe1756335a190270cf843745f10fc8cb9de165051920dcdb2d96c589a325c38184ba509c50521452d67641c78c0587626c6d352c1d16270445444c001d61ecb33d176cb922f36473272d0673ce901e2414cd1813c963341809244442001a92738933bd259eac6ce96ae1c947499f4d803a43f18ebe264ac38436c83e4b5efa7fe964725e64c30a89cfa5ee54a807e2d5ac4187ea02efe634235307e35ebcb0c46e410e9dec2cef3ff643e396d9b63b245c203058c0ebd8570024ba7c4468e5d67a3d0b6000078c217c330be581fb5c3183af95fb60a93c3f59679e8e6aefe617d3c9e23012030f19e24c6b26115906aa67347dc2f38ee62b879408c01a79238c3990c3c7939b2134270d953b9b0038991838e0404806a924612cb908f200906e9921607af64c6ab073c2417c490345b1d096068c03e4d89e863f0c5e1191012e3877ee5ea4c7c2cb892f00f77b22dc9e0b0dd5f1f53711b04ec000ef764a86ce3a5e0f7d5e91e23c93d61cdeab293319ba0912d9e084711964ef9a3069d7240eada2d5a8530079602c1cea5bf148bfc3118016339879936e1e278a0b21ce30eee10c5d6019e62138e61bf08e779012f886b09dc2c69849b02c9e3c8cd9fcc8f9efe193f1720cd610e74910f0dacd42d5e326b9b206a129d203c52cae6369e1d5e64b4555cfd2791896df8f2ec9dd1c6de9b6bfdffdcf0e1251df1b279c3008c5a9ba237f5aa1c49e64f4276773bf0af87923c210d9f8592356c0719010d55c03cafa13213287c0ca49538350f59c057126311513f3b2b9803c1f118ae865fa0c97a1fcc7c0e12e960f53f8ec6780dfc892d00ebbac61fd74e4407d23253535781e214ec296431a6a405dbc090738649ba4b5c60812b7277ccb17ba42f9cdb0b8e4ba47619d95cef674d878b4752411bda4106706242a0843de1732812331f9ba5660f8459f21f508030e9bf98c7e049c57d5af3f9d9dfdb76ca8fcb10b80b62f4863abfac9a20c353f6b00d8916126cc992404c62e693525d91c595f4b77e2921cd6391955887365de8ed8669253a72cb48124be632abe8b1cf865a639921f424ae8121e127d480b5c609e893b8041ce168740b09c26189285c8ab12243654d1767ba5e82e045911048463b12f90a47d01b3b95425fb5587ac32db2fc2f98dfdfd044a9e2fb4539aa297a4b6ec980fe6c72f0ffd791dd50c7e85f08a28888fa47178e49f04bbf860f6905c2345a2cc349c84cebbb3020cc47ae3f859200c3399f50b718b2e9f0270a3353ff86c5157eaf6b8fd3270004baccc3abbff00563ace076e9e6b02fa0854d2c01c00b803ed99d1ea758c054fcbd4907000623e1b9eea79f866c1821c4931e301b0128b4de12c83de6dae64baa2418e8494c0849ac65d8c3925259611b7a100e963c08f1e6599d80242411856c49b1ef21883d933e5b618452f2ec9a07f30601f70e3f6fbb5f7bae97a76183f9f82c38c707f770c2de1fb8f805e0b09357f70641241659318e3e12c592498d497c966cef7b2de89cf04092ae24f90247a097e891f81edade2c9ceb20795895d6078ece182c9d85817ce5cea923abf9248e0ecce57a589a483966f599d3b6e619b2574084f81200e92f9076eb98a5ba21fe48008ca02fa24ddc5cff6b25cf1e086db6d97b9f52cb66969920eb0bccf7206e4887c502bf53d78a47f8c4983a9f96c701bc0918830e79f1f7090bd208cb033d43e5b11376604bf57c07be8a01aaf957cbb9351c6c1b01e0795bc7af443c0f402027361417b0868ece9298d3f7e05c27e21770f3f7078e96e1e0b65d2e9974fc0b7d7a5ff00684624e107e8322d80108a311f72790a707d8ca5e23226cfed83baf234e2435f24b9ec953c2e90b2ceec1900c90c82bd2537842168c826491d21de40676c2c7e2ee08f82033320061d256d852ebc998b3560e8c126e1f5620efb9297d07c10eb2e03e62827e56253e087bfa21c4218e024077ea53e0cf84824f8490910fa2098c6f04963b925ee7c17ba43f64e36468929928e6ec29d0d8f713c689103616792445dcb81e6cdcd6cf4db420345b2e0b20980adaf4d088c4c19ba8db1f0a46313235113200352cc6bd9183d203b496134835943c0fb6db17dd8ff0033961b6d863bf0dbf4c6a10f275c586b3c988dc2794e4eebca67ec714e9dc40fd9d0386cf1c25bef8c28a3d20ce8ce007d437d3cb061c954ebe61683af9c1c94bb9d589a726f9646f9e0fddcc30c70f5f8306132111ba52408e249570fc43bc2de96db2e9fbf8ac5c7d4697859fe1db60597b84b9f964c0773c9f641c0cf80a6ec626086a3c2403108078c64675bcad264d7c309e45b3d0839a025cf1251930595bcd81823289c9558837ab02707192593d7b0132d1814a108c64a48c9f41f2c7821e29e58183bfc5a0f8f2f990ee7d7f53c21f83f138cb9dbd8408bfc43718f0fc687a169d7c123f0ac4756e5b6db6ce24841244bf39261641659a51c10ac2e2b70064673192e0611d8c9e094ece1983ea43a1a434d121fb0636e8364398498d024b80447d4718c37195f530bc21b01ce4e5c6479e190c35095f401d5b481c0e0438ffcb5faa429bc86db6587259bd2888f41d404300001e838662123f76d8040262402ee9009e4c618aa81ae39d210b44a0be0262ec86231e11f298db84638f4809d631cd80755d96c34ab807958d7b173f7085f33a6ff00d513b167089d41e0c6954ba0f8583ebce487978c06ca7c0cf5d78b701f63e41e96db0f4fdc39b3ebb29c511513c882cc1000e73c32c157161847868fd24e21f03c4fcc8221ce87e994146274d8ee03a34fc0dab8396a34d86823191b73d5647b611e2d82d483c6c944e921eae4039a308806406582016c2d18b274634756f3d2e91a9cba13a737e1c39bc8ddab37a05f73ccf81c27c05d2dba73d39b2b9e7f11e617231e0dfb87ac24e986c4408047490be154df81d4fdfc1b00c7d3f0621f8912464b725950854f858631984942dd21c9487650f3902d935164871086ead8805581e46cfc86181b0f4a4eee024421e4ec06056ba460dd60860b6c7c8fdb203a327a625cd284b1d58474580715583ca29619bc0357813313f6feee3be7616e5f557a7c46196d96303d2974f203235c8d0ecb8ec19a7a7c5e09e7b2e8c6d63898e1dc973ee3654eab91c628e32f3727478ce7b6b7ac9256a81e998dd9f54f038706e705578e2b828167314f711110795838000bb610bf072c1d7afd40180132293ed7c15bd2df818eafeee1fdb252be87f2896d033a7847a323f12044fdd8f7ae3fa4e38437c317a3cad2c1cf126c1b7c9a7f1e609c37650e308f86c2674184eab1e0ac6418124cc89eea48083b68d37cde0b029ab253930f0628e090d6a32e1bf0c61d320c6d91c720af1b45eca2613b61974efac267a4a5ba864c7240c5deeefdc8283e19790e1e279bfb8cc3fedd2c4a10f7bc8f5f7908dd05aa7afdcb85d27fd810ef7dd863a589659b219249080906432c98e91b22f9277793a457af33df6dc4b0875e0c2e64145160fc0425e2e3e40dce9093b299b014148bcaa47f1329f2229130b32ea36071947ae90fb463e152039ada3e358448480770963a12cc97c9d3c7ee38bc843874f11c03f1f1d3ac5b10eacb1a6aa01ed5c020825afdaf51cfb60d460d6115f4fc2c2c2e3f76241e3cc4001c12863e2278fa501d65f9c675e3ea5130e4a6cd034357e09e45990c3d5a08e8909d0f43e9c420000f166285617380977343ee31035806000481478f7736ddd7df638deaa865e9fb965b63afd87ff266fa74903fd3411ba5f21f6d817ce32d67a7492b5e46c111f09247e659fc7a7103838fe37c387b9929e69b397460c3a1647a115877348d3ce5bbc249d790e713645890ad40b18992c668408f24a53a3ab113cceddbda52c1e1611c59c1a438f4829a190c64f62c9c498b1ed9f8c8f797323c47325dfe12cb9fdc783f50020e0c8387c3cbc3cf43cdbee9e7d5c67e25d63990bcd8971cbb2c3b2e4c2092de5f963e0de3c9391961236efc4cc47762c8597b928e0446f530e68ec09821967c5817a6774176491e042e6192dcc1deee442e43b3023914ea433ca42f186e058b8177ea40bf31983eb238ec1a87e7597b7e895af6ac3d61b65c3625832f4bf454e268192f865e559a402324365c9d20de76e3920e9126274f230649c07f938e73d67a81d132c3824f683a2469e75324eeb88383004475f7cab67cc6cab075f777d7ac204612d0e7a96797e99133d6d87888afd7c07c32cb1857e2cea9d106605faa7fae60fe61c3eb0cce971b3c3c7ffe2d3bfa826cf646ef819fa7d00a604513f31b68919822c9c6535b0792a63920805805975334945d481187239674c6278690d711952d070d611cc247dd21cea4bdf21000d4903e4844065e6c9ddb67fb5970f90ba43d1e617708b9b270fd418480dcfc44bd0855ee66fc0e45e0c43b971b75796306c127065960d24cb58c9595b56edd8eb3c96db58708765461c3b0367120c78ca9c58193a437b0847a830e7a3259b34593cd597386b1371a42c0845851190f767d6c31e6fb449f961ce36f89c8568a0bea80386b20e71874c79dedb690c34f71d55f4658b7b0766b047c2c4b6a2633037cc02365120c5924ddb8dd9c9b5f0e366ee725d1e19901db0fbfb0abff00836e3c1dd79b05710e60e44cee382fa20f1c19af95f69f5c2042abf7b144c33b266c44ef8fb82123ed901c626af83eecde74857faaa690cba37909249733f0da753ea77d51245bf8096a9f4418863ac7c9cfff00cdc4fa7241248e7a671a0427f2f63399939cb7c614240ea4877a44929671d20dd58fc1608ea5807321c95792d9d02fac2514a08a5c971c21d9a4b8384af920c23ba400cd937a0e9af93106efe6588316f59f1fbc8f03cf21eff11dc84ebf5cba48609f4fc9b9fcc3d0fc3f1e211ecfccbba4b6c22761965c214295f87654f3152f253e377c10fc2908be5803bb1a910528f0d634e0daf71b3662491e6920f3dfd96b370d96fa314e111e11093cec99aa487c25c7c032ccfa4cbb8321b8b1edc2982752520f28eaa5c1909ba9af727b97b1c8fef831e0f95e87c79f5317e8f62d81807a032cb8c93074924f80bc63129a269638fa7dfd3325f3a5b2fbf5f15f66e60780706757477c6fa2303023033aec61ac00c23b26a5875871848eb3d727592ce8ebf175d2058148284bb6be1654e27bb93e2ee712011e7ff30bb4a5bb874c92578f16c37a3a7efd9e03f1069f924676e38ff323c84a7a61b9c3830bca306e474640e2c31eb1509d088e96073423ce4947188e12475645279e4c675e0216401f5972d061de1a4ee21ec31db30ef797a5ed5260c2796e10b0eefc2f967c67e2789faba627867db706b0eac75eb1ee3810eac3023cf619617f32926516424830ecc1b024248e4b9289024c78ddb79e18421178c9094b91a3c6c5316cbcb00103d6b18ee301f230fc8c84e1237c6925e892741902740b13dbce183f17673e166191d1430dbf9213c925f50ef607de209e0812d9f8d720720fe5c3f73e3389891b4f78f25f12287f631c3e0b358089b343abf6cd30f067465a27e047b2423e6c72d024c63473c3e49a2cef01975935c3dc2067cde9f590005fe0805e70bcb4eaec00fed990190d2e4998ca3ccf06e0becf57704fbe31d8eb0863e4e32ee30268a3e5905680d03b67e65fb7929e010bd26f4c88286204fc26d9e7d9afe7b1117380cabf4b70e3a07d613cfb0d19707cc42674ccff0086119ab2bf10c4f03183f56438920f1235c73e2d8e0ca701901a328eeed8baac2957649f3993cca30207726e374c0879d1857a41f204ec85216ca38cf5d7f7f0cbc63b9793bf03cb3e1b581fa8ebff0021ce76dc3ff27c87a21c2c6279ef9f80f3f9bc05d2b09c8763b0d08128161600491cd24c982b6cab2b9d2d97606efc2962c136037cb3bb160a73727023539289a1043a40717249f247b910d94d1763746b0d3ab2d68b0bcab2aee364f213f5a0ba881f04fafc96cc361644134246be64cd7ae6d8e6386bebb24cef76d8c4d122189b7493bb9fa7916c30f5970bb7309862176594923e6fdc438c74b46c23299b0320558f6d447f024e2b81a130f3a0daa900e6b965b574e2d899e392d3932f8622640f05c126ac661b96e2867d4df284c7078f1253cc041f40ba14e9b0be06f464601a860c978095e9b7a7967097d8bfec40c3000c9963dd2c7282991cfc3cff00fde8fd38c4457b10ff00907cacdf4494b55d9d33610ddb89a581d947583c463d4eb687072187925be197d5b3d128e5a3dc9535599f95210361fb82c87c90678ec2730beb0b09848a3c02cb5965c186f38c1d7e1b7921b87e60ea4288ac0753ec9ea19e7b3d5849f17f32870df36ec4087a92d87ae78c94f3cac95610f960cadd5f81bf7b197764075925dcd1d65882b9229a4a2d4f24af0647764a6363bc91641db8fb2109f7d639c24f452722c3334b92862ec13a41f488b892c7ce5afbbace9196e96fe65c3c9267905600eeac038ac07db217b0a48ce6872dd0126efe2e8af77726eccd32d7365189f92718d47fe9e80278100fa0326a661465c665a84707e222324356266fb2cf12ddca73d74bc5ac87a3aa8c00411de5859a69c857063139e253c17124160776ccc67448487adb5d9752d1e01aab811a4a20680b96fb606abab3c1f38724223e19de90171ffe21f6b19e8ba9e025981e83ff00b0723c4363b070509a76e099313bc7c4718e3781e42e3c38fd33c7bf72c067caf083f5e933419c1318e398c1536487125d790c6690d15abb0a3d486fd30a9e217b1b178659e8642e990679207ec81ee9783a581d0597580ce0a329eacb182ca4fdaf06449d76026413e185f86f1d9f53d4fdc048871c72480eb3c39d83dfdc690a8b9e5b83aecb0f7f896690f5b46cbae7d4443d2022eb2a7421a64162041916ec1f4cac287461796776c0cc9d791255cd803b83637210f821270849aecbf00d8df0de530de4651dc9331881d254e178a268ec9a91c02578216be3061965c4853c315a487018badd7481843cc8d63f51d0fd4f39f73063ee021f92de487f18a7f13f244cf47ab73bb01b830a7a30b5ee475c4485a9f3e18a3db463f73cd868ca8c99b2c4acea8e861fceb1ab801fce1af7a91fa8069a2bebf76835d6e8d8652e67e608df098e12d7b22e827dc2ef5b2fa0b1c51411c3f1889e4ee4c1a707a49c8d7f3e22bd755ed92ccf83a03da7ff006426f0cccb2fe35dc9d30d39ec1840e74fa8449dfbc7d3617771b5cbdf0fee1d107a2845dce93fcf89333212dc2703813b6012670b72ee6c39d1db23cb217db013c48ed1208c0d8d9b92071dd873c2e9b4627967cc65bf1bd83baa4800ac11904e923d043e44c9c31480623b89638423b3bf045eea6199170763c0fe2482173b0da63df2c780861dcc861ee43d61eebec96fef90e5e4b759b9e25c7c96d9f1900f425095e9274f825878612f460d90d480900f249671ecc837b2904f205cd997598279764066e4baf3b08d1b3e019c9c186fa654d66de04698528f048ae1024c21cd954d21031d86b19c78c93c0c9409a6c9ba30a64788e413c606adc432f23f44f50fab4090869e42c4bec98a3e92dcf9a1ff00bf0fc66f3a57078f1fb208c5ddf0ca48147dc8ba2c857353f0cf747f8b59b2dee41360d9a659a9e19979d5e13887440fe308be3703fe1900b87c108e5f5d800d39f6584e4084bad9b084936c37196b3c99d9b00a3e2f820aa13c380ec62abbb9dc9009b383a7e55d7c737ec8d46e9c9435fe27c0fcf40fd3ff00b2d093c0fa24705dd9714318dfc285ae9f4e5830f1e654c0f6b11e73a9bfbedb797604e459dd208e1b2de8ca7c6923d2c03db0ee6a70f184f2ec9182903a16600161c79d805ccd82756301ac8f0c17d92e71256c1705d9790974bb44f36db89bf71d11895e0d98f2f7d46e83fbbc6c1b87fd872331df1705def74fe61d183a5e4c77f4c022268b8e764068319f26494d1927b496be650401ef1927b642718ef5d65a736d1d60bc83245e9835ef640f4c38f4b98d921e065b9890b8cb138f5204e8407a204f0414fb449f3482f0d9fa248f44e5e36c9ac6fdce279241f297066908495c2027861fa61df0de86ded1147fb2f05fe20343d6084655a635563e6dd46879c8e3626e38fcadf97ed4f24d54f679937cc1423dc10c527417efcdb3d8c486438edab976ee0103d3727feea095cc19520d33cfd429bb26f9e4b52f183a6ca0cd99b2f6525d483d269f50d4a2a2748cb004e8d008f5f518f3111baa0aacc316576969c988a27d4b18ebfd43ccb2cc15f0063c4e082da837801369799e8db809f76c3e919e0791ecf162a93ceee93b8be113f861871903cc87aca245d5cb329e5c94714947b1b3b8e0fdc9ea239ec3835214ee433c8461cc4b74935e103998103d82707b03d3007964783b2bd0953a04bd3314b8597e388e4716f6e4788e80cf93f76e2909bdf24430c3ccbe812d87e5e4477086408e78812e9c59872173cb3909e48f98f7391f730420bec9299a4fd1255a25b5dcb23c903c89b24f29973cd3e0d7ed805c5609d800f64a5b3e1139e6974797618eac83ab249c2026244900f166258719cb3662a2dee33675b2472e3063c91853d12d2ce98de57dee5a8e938ed9690fdc641828a2c8a8abdb2bc4f8ebc3cbc84ae06ff81081abacb5dfa20de438a7d9a4e3af32c231822b26d0086907262a413f0b347f45fe0d609362e81725ae731e4701b0d308619e2557ae599be677cc561c5b34cfc9f0c3a049fd2c94f09eaaf6ebf6d51e83c9d30030f2b083344c9b3705d3f4c28cb48e69f4b332ff00a96fff00007f13aed3b1cd8e91f0996403cc72dabdfccf5cf60c017d370bf5b68fef1cff0090292e00f9638f2cec0bccb3c59c3aec948d74649e43f630660307cce0f2c29ea1286093f275211f0ca398928e8db3c2da5eb19d527c0a47a9200b33a9f17b2e10e9784d87cc7089cd3f766bbf98f82ebf1d1e493cf1d765de7d47984108785d30f087c161ef3c58108795957b8c7dec23c10ae5833d71813dc93d90772cc01e1b4e47b8c1e86cbc8c3799053a1277c129e264ab902c0fb6287324182f643f092978498915b4499c631e84a1ec767228e16be938f1009004833071b27b1b5e819f504ae27112e7ea1b23e3ee0027e2453876e1bc24cc282a16ef1e2460c1aa5b97b6efec1fe52315f4426e18d937f18421c90745d1d9cb7d36d9df536883b6f93a3bf00c60888e2b7f866bf735ff0083287710f793243bc1ff00b3139bc6326a67c61f11c092f34b9373c48498f66ea03ed7081344c7c336be140bf4571a2407c03219115e9b001beac73c163c653c7f9ecb2dd81c74ec277a18da3078392d02785fa65a1e9749ea2b2da7a11b809e4b4a21ba4f0b3cc6f1f56674903ec92b86ac37d31f536a78241747b64e1e772d9e8bf42f1d025798488d036d5b934302463e161fa640f185ec184fa969c96c28b09f6cbae4b2c64f0bda21cdcf243ac31c2e0d847906d47877ea1d5d31f1f13cb7511e81f70f39c63a11c93bb77c927384e3ec9bc29053a4114f096ea37d2b6f7964f6c60f3269e46e414cd9d7b24bd92e8e4aef15943d86f2c03608e6c4430847a302f246852110070243e880e924f271d218e9217a7c4beaf883e093258ef8caf4b6a7cb039ab018c4b8e06e4b5fef2703ed8e5f6dff00e43c61d4468d1326e59bd43c4238c2d315cbb64f2d2d73e25c5fa80f64c6f9e9f1fb881fb08773a319c6030bc59c3c791bc0d1ce54e59d7a318bdf6433f9b2cf80dab25c4904ec95823c9c9876e28fb9443355c0efeaf1b72be0d3a223752f9d5d019063e888307378c8a20e1d182d5a0d2d21e4a1963787f24cc54035500fb9a4a638dfc7245afdb3bb785998fd04f17e079762cb51be35ff0049e69f88575f8b97f784003edffecedead84eb00eec00c8be9d9470869e25fd30964e1b8d87019178183e8ca7c9acef5969312c320f6427a4959100f0920f4d987836a605ab61aa9753925e09f88c787e0c8ee4744847533d4475dfbb93196ec1ddfc42290798703f50d85758cfb255e521771258e896920d627613bb01c72066e9796c2f24be4c9061cf2c006eacc1434e8364742167c08076d9d42ce78209eac1e92c3ec843e48f18909e9248f2463d370d018505f52a708b3e1725f95873ac864402c875203d9678e9003bb20f06033be4beef75b2173be023c2f960c66c4f6fa892a9b05773320b8fa720134fbd9e27d47063e61c00b4b7f3233a269206784e9652becc63de3afd7dc9a7f375d3dc30efd4033e71e338ebc7ffa420ae01bdbc4e1339a76eb9a2421efb97412f02131b0d324334734660150747f33a1ebc275f42014e57a41a633ec81e9f25a39c132579dcdf11b868f1523e471fe252dc7e180fd39b647b271af0f82e8efd4349e4e9fc5e0d9e9f84dff0091c5fc32d67e125997ea1983ee74f121a7597f12c3c32df4d2c3c990d01d1256701963d82fac949a0437c8464f04e3c923c633788d9be0cd3bb2de165bcacaf952c5d56c670921a73ac5e41d95dc97125d9e9c821031b8c444780889f3f7d8f1a4701f12c15f5790fd91e39f7f020dcb4ae0923f518ee8584f24290464077482f2c3a2908c5203dc823a393a71836709a909c456a10778327a0c7aeb2fda939f70bc5871d64b1fb644f76ef96f2558c3aca4b4909d4826291e848074c8f584b1c080782e3c1232b2bbd60f667e8b0d302c358b6601d5e4641eb37f52d77c10e17f320c62be39c59554c9d2c7b630181c44b40c3c16afe83ffb2e86f7790b07eef0fe5950e4b7c96eb811c03c3c3f73588f860d2717b0388faf1070e7ab52555faf539970509dc38d93e052200dee99f70dd7a3eae11d12e063c3d414cd84a74d8038b8c177582e627dcb380eace6e16f9700e1113215ba13aff04cdf20a28031f0f848198fb24cf3a18cb5c4cdf0c2bed0efe4bd740d3f4f7e379fc3f0cd18710e3fccf49f6859ebd59fc433eac0977f821dcc3f7794f879faf59bf0171fe629e9ce32c73f3c931e7354938ebe6058cc9f85827b0df2163c8204f049df0403d0844898b124c0dcd25c8478104e64e4e12be0b0f02546dd61df210058507d2cfc26bf0f84b517823cb1d6dc83c7ea3e9e446e6911d325c74efe2e4ef7918a773cca21f01175c95755b6c56aa7bc595f4db0482f09b6034cb7591597f6cb497b8b906e6bb15d561e75d963e08d9d0900e831eb590e1974e04b782dd98c1cbb610c3b2cf2578584f2b3ed3b01e167faa903c924baa443d21a9a584d1d9dd0b01cc495eb84186b0182409a0e6f6797d0d871efab2e10f2bf70b1fdcee73758294e04e8a87c83e58d4fb4e470fe9b53a792c2df20eff112df65a32f192ee65b171b091e9000cd9f030b5cd8068e3f5277187199b9a9bfc033f72a20530b2881445d19476723108e4337196445f3013561003a4400be24101f10d126a39f0c1e664cc82e8383bb1d174838e264f9d093da864766bcb9c999d1fb9f7172c577a0c6677d1b6e32f72cb7a5e73ffd9696c41e09ff00b1c29e3793d13d7867440c0b875e78c9b89e446420bdd31923fb20099e577fec4e8eef60161261e0963e0659e11b9b921c48339c903c613e6daf396045e0365b0d6bb1802b01f38c3f908fac82f0101f4581e0907d161709099f52ca0cba99b917bcfb887a4c18f7dc6fc110761e8439df5b27bbf01d1c839dfab62e91032072406a587e037e0811d91ce2900e3d90def275e1c803cec3ddb441f667725c75b133cc2969c60de6da3d1276f9632e2375dc2d26403c5801f08c80fa236f82d4de99fb1becd9fcb2cf39575677920886782fc70a2227e2bff997777e3ad3f70bbfcc132093b5bd7ff6f2fea3c7fd89b4f9599913ff00913289f30e7e3ebf0d9158c92f3005a9e69026165c81c9f88019ea7cbfaf87c7ac8ece171b958beed6b6339c9e59e1938d24c39e6209e8e470f612f5c175f8bf1d69f73474df33c8f893b3c6c49f5fd5ff00c6eb6fa83f9d81f0d84805a1b52bbe6d4acd5ebf095f81f896463e0dfbfe83f0f07ea673bf04ff004844797e0888f2c7c0ff00e23e74af0f3683a11f412078b26473425f1af8e4850ed6773cc27f960abd6fd98b9e5b18d9c9876c2c20c0f8ffc4002a10010000030605050003000000000000000100117010202140516130608081a1314171909150a0b1ffda00080101001f3f10feb2e7ddfa9eff005dcc6112b8de937486d1b31b30b938c226531c79c5e1cb26e4a4f3b8d1b2a6944536e31de80346e47b523573042b41e546dee65b08f5b984adc631a02d207a4233ad024dc84a4290669a0c9b66b0a0c3982c91469b0b0f9a38598d1e7ec69af72611a468d8d0f2d3f68ee1079c90d0b617783be4d3493e21286fa64d349cd1a172c99fcfa592e626903480fba97313a0e700df864a8f26b1328fe31335bc745464d89b137613a3d977b0e8f9e8e64de68c37fc75c0521931e1a43e942173258ba41fb011275282f9cc9205de09e90c06dcfde27941f9721e9073d9932e1fb3b67a7127a7382f08bd8eb3c89f18e4079f981e22c3607780c90d0a56c942eab93184e7eee44be1e08e4d36ff002e1dec3f79f51893b40e8df9c0c4a863c34d121b8b0cb7857dda3a10b01f1231cab6b6b400fcbab435e386d482797f2d099d1f72093a40b4766c4d80d02250d1c13de5a90b3b15a3c3b162beed1e28f3b87a10cfe1951e631d650947876c60750709c0ec0d1e3d6308c4c3087a02ffd9);

-- --------------------------------------------------------

--
-- Table structure for table `payment_info`
--

CREATE TABLE `payment_info` (
  `Payment_id` varchar(20) NOT NULL,
  `Method` text,
  `Pay_Amount` text
) ENGINE=InnoDB DEFAULT CHARSET=latin1;

--
-- Dumping data for table `payment_info`
--

INSERT INTO `payment_info` (`Payment_id`, `Method`, `Pay_Amount`) VALUES
('PA001', NULL, NULL),
('PA0016', '', '278932'),
('PA0017', 'Cash', '278932');

-- --------------------------------------------------------

--
-- Table structure for table `route_info`
--

CREATE TABLE `route_info` (
  `Flight_id` varchar(20) NOT NULL,
  `Route_no` varchar(20) NOT NULL,
  `Source` text,
  `Destination` text
) ENGINE=InnoDB DEFAULT CHARSET=latin1;

--
-- Dumping data for table `route_info`
--

INSERT INTO `route_info` (`Flight_id`, `Route_no`, `Source`, `Destination`) VALUES
('F005', 'R001E', 'Bangladesh', 'America'),
('F002', 'R002B', 'Bangladesh', 'Pakistan'),
('F001', 'R003A', 'Bangladesh', 'India'),
('F010', 'R004J', 'Bangladesh', 'Japan'),
('F009', 'R005I', 'Bangladesh', 'Japan'),
('F003', 'R006C', 'Bangladesh', 'Nepal'),
('F004', 'R007D', 'Bangladesh', 'Australia'),
('F007', 'R008G', 'Bangladesh', 'Australia'),
('F011', 'R009K', 'Bangladesh', 'China'),
('F006', 'R010F', 'Bangladesh', 'Singapore'),
('F008', 'R011H', 'Bangladesh', 'Bangkok');

-- --------------------------------------------------------

--
-- Table structure for table `ticket_info`
--

CREATE TABLE `ticket_info` (
  `Ticket_id` varchar(20) NOT NULL,
  `Flight_id` varchar(20) NOT NULL,
  `Passen_id` varchar(20) NOT NULL,
  `Airline_Name` varchar(255) DEFAULT NULL,
  `Class` text,
  `seat` text NOT NULL,
  `Ticket_Price` text,
  `Payment_id` varchar(20) NOT NULL
) ENGINE=InnoDB DEFAULT CHARSET=latin1;

--
-- Dumping data for table `ticket_info`
--

INSERT INTO `ticket_info` (`Ticket_id`, `Flight_id`, `Passen_id`, `Airline_Name`, `Class`, `seat`, `Ticket_Price`, `Payment_id`) VALUES
('TA001', 'F001', 'AAR01', 'Bangladesh Biman', 'Economic ', ' 1A', '278932', 'PA001');

--
-- Indexes for dumped tables
--

--
-- Indexes for table `airline_info`
--
ALTER TABLE `airline_info`
  ADD PRIMARY KEY (`Airline_id`),
  ADD KEY `Flight_id` (`Flight_id`);

--
-- Indexes for table `airplanes_info`
--
ALTER TABLE `airplanes_info`
  ADD PRIMARY KEY (`Airplane_id`),
  ADD KEY `Airline_id` (`Airline_id`);

--
-- Indexes for table `airport_info`
--
ALTER TABLE `airport_info`
  ADD PRIMARY KEY (`Airport_id`),
  ADD KEY `Flight_id` (`Flight_id`);

--
-- Indexes for table `flight_info`
--
ALTER TABLE `flight_info`
  ADD PRIMARY KEY (`Flight_id`),
  ADD KEY `AirPlane_id` (`AirPlane_id`);

--
-- Indexes for table `passenger_info`
--
ALTER TABLE `passenger_info`
  ADD PRIMARY KEY (`Passenger_id`);

--
-- Indexes for table `payment_info`
--
ALTER TABLE `payment_info`
  ADD PRIMARY KEY (`Payment_id`);

--
-- Indexes for table `route_info`
--
ALTER TABLE `route_info`
  ADD PRIMARY KEY (`Route_no`),
  ADD KEY `Flight_id` (`Flight_id`);

--
-- Indexes for table `ticket_info`
--
ALTER TABLE `ticket_info`
  ADD PRIMARY KEY (`Ticket_id`),
  ADD KEY `Flight_id` (`Flight_id`),
  ADD KEY `Passen_id` (`Passen_id`),
  ADD KEY `Payment_id` (`Payment_id`);

--
-- Constraints for dumped tables
--

--
-- Constraints for table `airline_info`
--
ALTER TABLE `airline_info`
  ADD CONSTRAINT `airline_info_ibfk_1` FOREIGN KEY (`Flight_id`) REFERENCES `flight_info` (`Flight_id`);

--
-- Constraints for table `airport_info`
--
ALTER TABLE `airport_info`
  ADD CONSTRAINT `airport_info_ibfk_1` FOREIGN KEY (`Flight_id`) REFERENCES `flight_info` (`Flight_id`);

--
-- Constraints for table `flight_info`
--
ALTER TABLE `flight_info`
  ADD CONSTRAINT `flight_info_ibfk_1` FOREIGN KEY (`AirPlane_id`) REFERENCES `airplanes_info` (`Airplane_id`);

--
-- Constraints for table `route_info`
--
ALTER TABLE `route_info`
  ADD CONSTRAINT `route_info_ibfk_1` FOREIGN KEY (`Flight_id`) REFERENCES `flight_info` (`Flight_id`);
COMMIT;

/*!40101 SET CHARACTER_SET_CLIENT=@OLD_CHARACTER_SET_CLIENT */;
/*!40101 SET CHARACTER_SET_RESULTS=@OLD_CHARACTER_SET_RESULTS */;
/*!40101 SET COLLATION_CONNECTION=@OLD_COLLATION_CONNECTION */;
